-- phpMyAdmin SQL Dump
-- version 5.0.4
-- https://www.phpmyadmin.net/
--
-- Host: 127.0.0.1
-- Generation Time: Mar 18, 2021 at 11:57 AM
-- Server version: 10.4.17-MariaDB
-- PHP Version: 7.4.15

SET SQL_MODE = "NO_AUTO_VALUE_ON_ZERO";
START TRANSACTION;
SET time_zone = "+00:00";


/*!40101 SET @OLD_CHARACTER_SET_CLIENT=@@CHARACTER_SET_CLIENT */;
/*!40101 SET @OLD_CHARACTER_SET_RESULTS=@@CHARACTER_SET_RESULTS */;
/*!40101 SET @OLD_COLLATION_CONNECTION=@@COLLATION_CONNECTION */;
/*!40101 SET NAMES utf8mb4 */;

--
-- Database: `ecommerce`
--

-- --------------------------------------------------------

--
-- Table structure for table `tbl_admin`
--

CREATE TABLE `tbl_admin` (
  `admin_id` int(11) NOT NULL,
  `admin_name` varchar(100) NOT NULL,
  `admin_email` varchar(200) NOT NULL,
  `admin_mobile` bigint(20) NOT NULL,
  `admin_password` varchar(30) NOT NULL,
  `admin_photo` text DEFAULT NULL,
  `is_active` int(11) NOT NULL DEFAULT 1,
  `is_delete` int(11) NOT NULL DEFAULT 0,
  `insert_datetime` datetime DEFAULT NULL,
  `update_datetime` datetime DEFAULT NULL
) ENGINE=InnoDB DEFAULT CHARSET=latin1;

--
-- Dumping data for table `tbl_admin`
--

INSERT INTO `tbl_admin` (`admin_id`, `admin_name`, `admin_email`, `admin_mobile`, `admin_password`, `admin_photo`, `is_active`, `is_delete`, `insert_datetime`, `update_datetime`) VALUES
(1, 'Admin', 'atadmin@gmail.com', 9909901234, 'admin123', '1589261292Chrysanthemum.jpg', 1, 0, '2020-05-12 01:00:00', NULL);

-- --------------------------------------------------------

--
-- Table structure for table `tbl_cart`
--

CREATE TABLE `tbl_cart` (
  `cart_id` int(11) NOT NULL,
  `user_id` int(11) NOT NULL,
  `product_id` int(11) NOT NULL,
  `product_name` varchar(100) NOT NULL,
  `product_details` text DEFAULT NULL,
  `product_image` text DEFAULT NULL,
  `product_price` int(11) NOT NULL,
  `product_unit_price` int(11) NOT NULL,
  `product_qty` int(11) NOT NULL
) ENGINE=InnoDB DEFAULT CHARSET=latin1;

--
-- Dumping data for table `tbl_cart`
--

INSERT INTO `tbl_cart` (`cart_id`, `user_id`, `product_id`, `product_name`, `product_details`, `product_image`, `product_price`, `product_unit_price`, `product_qty`) VALUES
(12, 29, 1, 'Aashirvaad Atta - Whole Wheat', 'Aashirvaad Atta - Whole Wheat, 10 kg Pouch.Whole grain, this product contains important vitamins, minerals and calcium, all of which are good for a he', 'http://apwebtester.in/grocery/upload/aatta.jpg', 810, 405, 2),
(36, 32, 5, 'Mast & Harbour\r\nMen Blue Slim Tapered Fit Mid-Rise Clean Look Stretchable Jeans', 'Blue medium wash 5-pocket mid-rise jeans, clean look with light fade, has a button and zip closure, waistband with belt loops', 'http://apwebtester.in/garments/upload/jeans.jpg', 1527, 509, 3),
(37, 32, 1, 'Tistabene\r\nMen Red & Beige Comfort Slim Fit Printed Casual Shirt With Mask', 'Red and Beige printed casual shirt, has a mandarin collar, long sleeves, button placket, curved hem, and 1 patch pocket Comes with a mask.\r\n', 'http://apwebtester.in/garments/upload/red_shirt_with_mask.jpeg', 2212, 1106, 2),
(38, 33, 5, 'Test', 'Test', 'noimage.png', 1200, 200, 4),
(81, 66, 5, 'Mast & Harbour\n\nMen Blue Slim Tapered Fit Mid-Rise Clean Look Stretchable Jeans', 'Blue medium wash 5-pocket mid-rise jeans, clean look with light fade, has a button and zip closure, waistband with belt loops', 'http://apwebtester.in/garments/upload/jeans.jpg', 509, 509, 1),
(82, 66, 5, 'Mast & Harbour Men Blue Slim Tapered Fit Mid-Rise Clean Look Stretchable Jeans', 'Blue medium wash 5-pocket mid-rise jeans, clean look with light fade, has a button and zip closure, waistband with belt loops', 'http://apwebtester.in/garments/upload/jeans.jpg', 509, 509, 1),
(83, 66, 1, 'Tistabene\r\nMen Red & Beige Comfort Slim Fit Printed Casual Shirt With Mask', 'Red and Beige printed casual shirt, has a mandarin collar, long sleeves, button placket, curved hem, and 1 patch pocket Comes with a mask.\r\n', 'http://apwebtester.in/garments/upload/red_shirt_with_mask.jpeg', 1106, 1106, 1),
(84, 66, 5, 'Mast & Harbour\r\nMen Blue Slim Tapered Fit Mid-Rise Clean Look Stretchable Jeans', 'Blue medium wash 5-pocket mid-rise jeans, clean look with light fade, has a button and zip closure, waistband with belt loops', 'http://apwebtester.in/garments/upload/jeans.jpg', 509, 509, 1),
(85, 66, 5, 'Mast & Harbour\r\nMen Blue Slim Tapered Fit Mid-Rise Clean Look Stretchable Jeans', 'Blue medium wash 5-pocket mid-rise jeans, clean look with light fade, has a button and zip closure, waistband with belt loops', 'http://apwebtester.in/garments/upload/jeans.jpg', 509, 509, 1),
(86, 66, 5, 'Mast & Harbour\r\nMen Blue Slim Tapered Fit Mid-Rise Clean Look Stretchable Jeans', 'Blue medium wash 5-pocket mid-rise jeans, clean look with light fade, has a button and zip closure, waistband with belt loops', 'http://apwebtester.in/garments/upload/jeans.jpg', 509, 509, 1),
(87, 66, 5, 'Mast & Harbour\r\nMen Blue Slim Tapered Fit Mid-Rise Clean Look Stretchable Jeans', 'Blue medium wash 5-pocket mid-rise jeans, clean look with light fade, has a button and zip closure, waistband with belt loops', 'http://apwebtester.in/garments/upload/jeans.jpg', 509, 509, 1),
(88, 66, 5, 'Mast & Harbour\r\nMen Blue Slim Tapered Fit Mid-Rise Clean Look Stretchable Jeans', 'Blue medium wash 5-pocket mid-rise jeans, clean look with light fade, has a button and zip closure, waistband with belt loops', 'http://apwebtester.in/garments/upload/jeans.jpg', 509, 509, 1),
(89, 66, 4, 'GANT\r\nMen White Regular Fit Solid Casual Shirt', 'White solid casual shirt, has a button-down collar, long sleeves, button placket, and curved hem', 'http://apwebtester.in/garments/upload/white_shirt.jpg', 3499, 3499, 1),
(91, 66, 5, 'Mast & Harbour\r\nMen Blue Slim Tapered Fit Mid-Rise Clean Look Stretchable Jeans', 'Blue medium wash 5-pocket mid-rise jeans, clean look with light fade, has a button and zip closure, waistband with belt loops', 'http://apwebtester.in/garments/upload/jeans.jpg', 509, 509, 1),
(92, 66, 4, 'GANT\r\nMen White Regular Fit Solid Casual Shirt', 'White solid casual shirt, has a button-down collar, long sleeves, button placket, and curved hem', 'http://apwebtester.in/garments/upload/white_shirt.jpg', 3499, 3499, 1),
(93, 66, 4, 'GANT\r\nMen White Regular Fit Solid Casual Shirt', 'White solid casual shirt, has a button-down collar, long sleeves, button placket, and curved hem', 'http://apwebtester.in/garments/upload/white_shirt.jpg', 3499, 3499, 1),
(94, 66, 5, 'Mast & Harbour\r\nMen Blue Slim Tapered Fit Mid-Rise Clean Look Stretchable Jeans', 'Blue medium wash 5-pocket mid-rise jeans, clean look with light fade, has a button and zip closure, waistband with belt loops', 'http://apwebtester.in/garments/upload/jeans.jpg', 509, 509, 1),
(95, 66, 5, 'Mast & Harbour\r\nMen Blue Slim Tapered Fit Mid-Rise Clean Look Stretchable Jeans', 'Blue medium wash 5-pocket mid-rise jeans, clean look with light fade, has a button and zip closure, waistband with belt loops', 'http://apwebtester.in/garments/upload/jeans.jpg', 509, 509, 1),
(99, 66, 5, 'Mast & Harbour\r\nMen Blue Slim Tapered Fit Mid-Rise Clean Look Stretchable Jeans', 'Blue medium wash 5-pocket mid-rise jeans, clean look with light fade, has a button and zip closure, waistband with belt loops', 'http://apwebtester.in/garments/upload/jeans.jpg', 509, 509, 1),
(100, 66, 5, 'Mast & Harbour\r\nMen Blue Slim Tapered Fit Mid-Rise Clean Look Stretchable Jeans', 'Blue medium wash 5-pocket mid-rise jeans, clean look with light fade, has a button and zip closure, waistband with belt loops', 'http://apwebtester.in/garments/upload/jeans.jpg', 509, 509, 1),
(101, 66, 1, 'Tistabene\r\nMen Red & Beige Comfort Slim Fit Printed Casual Shirt With Mask', 'Red and Beige printed casual shirt, has a mandarin collar, long sleeves, button placket, curved hem, and 1 patch pocket Comes with a mask.\r\n', 'http://apwebtester.in/garments/upload/red_shirt_with_mask.jpeg', 1106, 1106, 1),
(102, 66, 5, 'Mast & Harbour\r\nMen Blue Slim Tapered Fit Mid-Rise Clean Look Stretchable Jeans', 'Blue medium wash 5-pocket mid-rise jeans, clean look with light fade, has a button and zip closure, waistband with belt loops', 'http://apwebtester.in/garments/upload/jeans.jpg', 509, 509, 1),
(103, 66, 1, 'Tistabene\r\nMen Red & Beige Comfort Slim Fit Printed Casual Shirt With Mask', 'Red and Beige printed casual shirt, has a mandarin collar, long sleeves, button placket, curved hem, and 1 patch pocket Comes with a mask.\r\n', 'http://apwebtester.in/garments/upload/red_shirt_with_mask.jpeg', 1106, 1106, 1),
(104, 66, 5, 'Mast & Harbour\r\nMen Blue Slim Tapered Fit Mid-Rise Clean Look Stretchable Jeans', 'Blue medium wash 5-pocket mid-rise jeans, clean look with light fade, has a button and zip closure, waistband with belt loops', 'http://apwebtester.in/garments/upload/jeans.jpg', 509, 509, 1),
(105, 66, 5, 'Mast & Harbour\r\nMen Blue Slim Tapered Fit Mid-Rise Clean Look Stretchable Jeans', 'Blue medium wash 5-pocket mid-rise jeans, clean look with light fade, has a button and zip closure, waistband with belt loops', 'http://apwebtester.in/garments/upload/jeans.jpg', 509, 509, 1),
(106, 66, 5, 'Mast & Harbour\r\nMen Blue Slim Tapered Fit Mid-Rise Clean Look Stretchable Jeans', 'Blue medium wash 5-pocket mid-rise jeans, clean look with light fade, has a button and zip closure, waistband with belt loops', 'http://apwebtester.in/garments/upload/jeans.jpg', 509, 509, 1),
(107, 66, 1, 'Tistabene\r\nMen Red & Beige Comfort Slim Fit Printed Casual Shirt With Mask', 'Red and Beige printed casual shirt, has a mandarin collar, long sleeves, button placket, curved hem, and 1 patch pocket Comes with a mask.\r\n', 'http://apwebtester.in/garments/upload/red_shirt_with_mask.jpeg', 1106, 1106, 1),
(108, 66, 1, 'Tistabene\r\nMen Red & Beige Comfort Slim Fit Printed Casual Shirt With Mask', 'Red and Beige printed casual shirt, has a mandarin collar, long sleeves, button placket, curved hem, and 1 patch pocket Comes with a mask.\r\n', 'http://apwebtester.in/garments/upload/red_shirt_with_mask.jpeg', 1106, 1106, 1),
(109, 66, 5, 'Mast & Harbour\r\nMen Blue Slim Tapered Fit Mid-Rise Clean Look Stretchable Jeans', 'Blue medium wash 5-pocket mid-rise jeans, clean look with light fade, has a button and zip closure, waistband with belt loops', 'http://apwebtester.in/garments/upload/jeans.jpg', 509, 509, 1),
(110, 66, 5, 'Mast & Harbour\r\nMen Blue Slim Tapered Fit Mid-Rise Clean Look Stretchable Jeans', 'Blue medium wash 5-pocket mid-rise jeans, clean look with light fade, has a button and zip closure, waistband with belt loops', 'http://apwebtester.in/garments/upload/jeans.jpg', 509, 509, 1),
(111, 66, 5, 'Mast & Harbour\r\nMen Blue Slim Tapered Fit Mid-Rise Clean Look Stretchable Jeans', 'Blue medium wash 5-pocket mid-rise jeans, clean look with light fade, has a button and zip closure, waistband with belt loops', 'http://apwebtester.in/garments/upload/jeans.jpg', 509, 509, 1),
(113, 66, 5, 'Mast & Harbour\r\nMen Blue Slim Tapered Fit Mid-Rise Clean Look Stretchable Jeans', 'Blue medium wash 5-pocket mid-rise jeans, clean look with light fade, has a button and zip closure, waistband with belt loops', 'http://apwebtester.in/garments/upload/jeans.jpg', 509, 509, 1),
(114, 66, 5, 'Mast & Harbour\r\nMen Blue Slim Tapered Fit Mid-Rise Clean Look Stretchable Jeans', 'Blue medium wash 5-pocket mid-rise jeans, clean look with light fade, has a button and zip closure, waistband with belt loops', 'http://apwebtester.in/garments/upload/jeans.jpg', 509, 509, 1),
(115, 66, 5, 'Mast & Harbour\r\nMen Blue Slim Tapered Fit Mid-Rise Clean Look Stretchable Jeans', 'Blue medium wash 5-pocket mid-rise jeans, clean look with light fade, has a button and zip closure, waistband with belt loops', 'http://apwebtester.in/garments/upload/jeans.jpg', 509, 509, 1),
(116, 66, 1, 'Tistabene\r\nMen Red & Beige Comfort Slim Fit Printed Casual Shirt With Mask', 'Red and Beige printed casual shirt, has a mandarin collar, long sleeves, button placket, curved hem, and 1 patch pocket Comes with a mask.\r\n', 'http://apwebtester.in/garments/upload/red_shirt_with_mask.jpeg', 1106, 1106, 1),
(117, 66, 1, 'Tistabene\r\nMen Red & Beige Comfort Slim Fit Printed Casual Shirt With Mask', 'Red and Beige printed casual shirt, has a mandarin collar, long sleeves, button placket, curved hem, and 1 patch pocket Comes with a mask.\r\n', 'http://apwebtester.in/garments/upload/red_shirt_with_mask.jpeg', 1106, 1106, 1),
(118, 66, 1, 'Tistabene\r\nMen Red & Beige Comfort Slim Fit Printed Casual Shirt With Mask', 'Red and Beige printed casual shirt, has a mandarin collar, long sleeves, button placket, curved hem, and 1 patch pocket Comes with a mask.\r\n', 'http://apwebtester.in/garments/upload/red_shirt_with_mask.jpeg', 1106, 1106, 1),
(119, 66, 5, 'Mast & Harbour\r\nMen Blue Slim Tapered Fit Mid-Rise Clean Look Stretchable Jeans', 'Blue medium wash 5-pocket mid-rise jeans, clean look with light fade, has a button and zip closure, waistband with belt loops', 'http://apwebtester.in/garments/upload/jeans.jpg', 509, 509, 1),
(120, 66, 5, 'Mast & Harbour\r\nMen Blue Slim Tapered Fit Mid-Rise Clean Look Stretchable Jeans', 'Blue medium wash 5-pocket mid-rise jeans, clean look with light fade, has a button and zip closure, waistband with belt loops', 'http://apwebtester.in/garments/upload/jeans.jpg', 509, 509, 1),
(121, 66, 5, 'Mast & Harbour\r\nMen Blue Slim Tapered Fit Mid-Rise Clean Look Stretchable Jeans', 'Blue medium wash 5-pocket mid-rise jeans, clean look with light fade, has a button and zip closure, waistband with belt loops', 'http://apwebtester.in/garments/upload/jeans.jpg', 509, 509, 1),
(122, 66, 5, 'Mast & Harbour\r\nMen Blue Slim Tapered Fit Mid-Rise Clean Look Stretchable Jeans', 'Blue medium wash 5-pocket mid-rise jeans, clean look with light fade, has a button and zip closure, waistband with belt loops', 'http://apwebtester.in/garments/upload/jeans.jpg', 509, 509, 1),
(123, 66, 1, 'Tistabene\r\nMen Red & Beige Comfort Slim Fit Printed Casual Shirt With Mask', 'Red and Beige printed casual shirt, has a mandarin collar, long sleeves, button placket, curved hem, and 1 patch pocket Comes with a mask.\r\n', 'http://apwebtester.in/garments/upload/red_shirt_with_mask.jpeg', 1106, 1106, 1),
(124, 66, 5, 'Mast & Harbour\r\nMen Blue Slim Tapered Fit Mid-Rise Clean Look Stretchable Jeans', 'Blue medium wash 5-pocket mid-rise jeans, clean look with light fade, has a button and zip closure, waistband with belt loops', 'http://apwebtester.in/garments/upload/jeans.jpg', 509, 509, 1),
(125, 66, 5, 'Mast & Harbour\r\nMen Blue Slim Tapered Fit Mid-Rise Clean Look Stretchable Jeans', 'Blue medium wash 5-pocket mid-rise jeans, clean look with light fade, has a button and zip closure, waistband with belt loops', 'http://apwebtester.in/garments/upload/jeans.jpg', 509, 509, 1),
(126, 66, 5, 'Mast & Harbour\r\nMen Blue Slim Tapered Fit Mid-Rise Clean Look Stretchable Jeans', 'Blue medium wash 5-pocket mid-rise jeans, clean look with light fade, has a button and zip closure, waistband with belt loops', 'http://apwebtester.in/garments/upload/jeans.jpg', 509, 509, 1),
(127, 66, 1, 'Tistabene\r\nMen Red & Beige Comfort Slim Fit Printed Casual Shirt With Mask', 'Red and Beige printed casual shirt, has a mandarin collar, long sleeves, button placket, curved hem, and 1 patch pocket Comes with a mask.\r\n', 'http://apwebtester.in/garments/upload/red_shirt_with_mask.jpeg', 1106, 1106, 1),
(128, 66, 5, 'Mast & Harbour\r\nMen Blue Slim Tapered Fit Mid-Rise Clean Look Stretchable Jeans', 'Blue medium wash 5-pocket mid-rise jeans, clean look with light fade, has a button and zip closure, waistband with belt loops', 'http://apwebtester.in/garments/upload/jeans.jpg', 509, 509, 1),
(129, 66, 5, 'Mast & Harbour\r\nMen Blue Slim Tapered Fit Mid-Rise Clean Look Stretchable Jeans', 'Blue medium wash 5-pocket mid-rise jeans, clean look with light fade, has a button and zip closure, waistband with belt loops', 'http://apwebtester.in/garments/upload/jeans.jpg', 509, 509, 1),
(131, 66, 5, 'Mast & Harbour\r\nMen Blue Slim Tapered Fit Mid-Rise Clean Look Stretchable Jeans', 'Blue medium wash 5-pocket mid-rise jeans, clean look with light fade, has a button and zip closure, waistband with belt loops', 'http://apwebtester.in/garments/upload/jeans.jpg', 509, 509, 1),
(132, 66, 4, 'GANT\r\nMen White Regular Fit Solid Casual Shirt', 'White solid casual shirt, has a button-down collar, long sleeves, button placket, and curved hem', 'http://apwebtester.in/garments/upload/white_shirt.jpg', 3499, 3499, 1),
(133, 66, 5, 'Mast & Harbour\r\nMen Blue Slim Tapered Fit Mid-Rise Clean Look Stretchable Jeans', 'Blue medium wash 5-pocket mid-rise jeans, clean look with light fade, has a button and zip closure, waistband with belt loops', 'http://apwebtester.in/garments/upload/jeans.jpg', 509, 509, 1),
(134, 66, 5, 'Mast & Harbour\r\nMen Blue Slim Tapered Fit Mid-Rise Clean Look Stretchable Jeans', 'Blue medium wash 5-pocket mid-rise jeans, clean look with light fade, has a button and zip closure, waistband with belt loops', 'http://apwebtester.in/garments/upload/jeans.jpg', 509, 509, 1),
(161, 66, 5, 'Mast & Harbour\r\nMen Blue Slim Tapered Fit Mid-Rise Clean Look Stretchable Jeans', 'Blue medium wash 5-pocket mid-rise jeans, clean look with light fade, has a button and zip closure, waistband with belt loops', 'http://apwebtester.in/garments/upload/jeans.jpg', 509, 509, 1),
(165, 66, 5, 'Mast & Harbour\r\nMen Blue Slim Tapered Fit Mid-Rise Clean Look Stretchable Jeans', 'Blue medium wash 5-pocket mid-rise jeans, clean look with light fade, has a button and zip closure, waistband with belt loops', 'http://apwebtester.in/garments/upload/jeans.jpg', 509, 509, 1),
(166, 66, 5, 'Mast & Harbour\r\nMen Blue Slim Tapered Fit Mid-Rise Clean Look Stretchable Jeans', 'Blue medium wash 5-pocket mid-rise jeans, clean look with light fade, has a button and zip closure, waistband with belt loops', 'http://apwebtester.in/garments/upload/jeans.jpg', 509, 509, 1),
(167, 66, 5, 'Mast & Harbour\r\nMen Blue Slim Tapered Fit Mid-Rise Clean Look Stretchable Jeans', 'Blue medium wash 5-pocket mid-rise jeans, clean look with light fade, has a button and zip closure, waistband with belt loops', 'http://apwebtester.in/garments/upload/jeans.jpg', 509, 509, 1),
(168, 66, 5, 'Mast & Harbour\r\nMen Blue Slim Tapered Fit Mid-Rise Clean Look Stretchable Jeans', 'Blue medium wash 5-pocket mid-rise jeans, clean look with light fade, has a button and zip closure, waistband with belt loops', 'http://apwebtester.in/garments/upload/jeans.jpg', 509, 0, 1),
(169, 66, 5, 'Mast & Harbour\r\nMen Blue Slim Tapered Fit Mid-Rise Clean Look Stretchable Jeans', 'Blue medium wash 5-pocket mid-rise jeans, clean look with light fade, has a button and zip closure, waistband with belt loops', 'http://apwebtester.in/garments/upload/jeans.jpg', 509, 0, 1),
(170, 66, 4, 'GANT\r\nMen White Regular Fit Solid Casual Shirt', 'White solid casual shirt, has a button-down collar, long sleeves, button placket, and curved hem', 'http://apwebtester.in/garments/upload/white_shirt.jpg', 3499, 0, 1),
(172, 66, 1, 'Tistabene\r\nMen Red & Beige Comfort Slim Fit Printed Casual Shirt With Mask', 'Red and Beige printed casual shirt, has a mandarin collar, long sleeves, button placket, curved hem, and 1 patch pocket Comes with a mask.\r\n', 'http://apwebtester.in/garments/upload/red_shirt_with_mask.jpeg', 1106, 0, 1),
(173, 66, 1, 'Tistabene\r\nMen Red & Beige Comfort Slim Fit Printed Casual Shirt With Mask', 'Red and Beige printed casual shirt, has a mandarin collar, long sleeves, button placket, curved hem, and 1 patch pocket Comes with a mask.\r\n', 'http://apwebtester.in/garments/upload/red_shirt_with_mask.jpeg', 1106, 0, 1),
(174, 66, 5, 'Mast & Harbour\r\nMen Blue Slim Tapered Fit Mid-Rise Clean Look Stretchable Jeans', 'Blue medium wash 5-pocket mid-rise jeans, clean look with light fade, has a button and zip closure, waistband with belt loops', 'http://apwebtester.in/garments/upload/jeans.jpg', 509, 0, 1),
(175, 66, 5, 'Mast & Harbour\r\nMen Blue Slim Tapered Fit Mid-Rise Clean Look Stretchable Jeans', 'Blue medium wash 5-pocket mid-rise jeans, clean look with light fade, has a button and zip closure, waistband with belt loops', 'http://apwebtester.in/garments/upload/jeans.jpg', 509, 0, 1),
(188, 86, 1, 'Tistabene\r\nMen Red & Beige Comfort Slim Fit Printed Casual Shirt With Mask', 'Red and Beige printed casual shirt, has a mandarin collar, long sleeves, button placket, curved hem, and 1 patch pocket Comes with a mask.\r\n', 'http://apwebtester.in/garments/upload/red_shirt_with_mask.jpeg', 1106, 2000, 1),
(190, 86, 5, 'Mast & Harbour\r\nMen Blue Slim Tapered Fit Mid-Rise Clean Look Stretchable Jeans', 'Blue medium wash 5-pocket mid-rise jeans, clean look with light fade, has a button and zip closure, waistband with belt loops', 'http://apwebtester.in/garments/upload/jeans.jpg', 509, 2000, 1),
(191, 66, 5, 'Mast & Harbour\r\nMen Blue Slim Tapered Fit Mid-Rise Clean Look Stretchable Jeans', 'Blue medium wash 5-pocket mid-rise jeans, clean look with light fade, has a button and zip closure, waistband with belt loops', 'http://apwebtester.in/garments/upload/jeans.jpg', 509, 0, 1),
(194, 66, 5, 'Mast & Harbour\r\nMen Blue Slim Tapered Fit Mid-Rise Clean Look Stretchable Jeans', 'Blue medium wash 5-pocket mid-rise jeans, clean look with light fade, has a button and zip closure, waistband with belt loops', 'http://apwebtester.in/garments/upload/jeans.jpg', 509, 0, 1),
(195, 66, 5, 'Mast & Harbour\r\nMen Blue Slim Tapered Fit Mid-Rise Clean Look Stretchable Jeans', 'Blue medium wash 5-pocket mid-rise jeans, clean look with light fade, has a button and zip closure, waistband with belt loops', 'http://apwebtester.in/garments/upload/jeans.jpg', 509, 0, 1),
(196, 66, 1, 'Tistabene\r\nMen Red & Beige Comfort Slim Fit Printed Casual Shirt With Mask', 'Red and Beige printed casual shirt, has a mandarin collar, long sleeves, button placket, curved hem, and 1 patch pocket Comes with a mask.\r\n', 'http://apwebtester.in/garments/upload/red_shirt_with_mask.jpeg', 1106, 0, 1),
(197, 86, 4, 'GANT\r\nMen White Regular Fit Solid Casual Shirt', 'White solid casual shirt, has a button-down collar, long sleeves, button placket, and curved hem', 'http://apwebtester.in/garments/upload/white_shirt.jpg', 3499, 2000, 1),
(198, 66, 5, 'Mast & Harbour\r\nMen Blue Slim Tapered Fit Mid-Rise Clean Look Stretchable Jeans', 'Blue medium wash 5-pocket mid-rise jeans, clean look with light fade, has a button and zip closure, waistband with belt loops', 'http://apwebtester.in/garments/upload/jeans.jpg', 509, 0, 1),
(208, 38, 4, 'GANT\r\nMen White Regular Fit Solid Casual Shirt', 'White solid casual shirt, has a button-down collar, long sleeves, button placket, and curved hem', 'https://akashsir.in/myapi/ecom1/upload/white_shirt.jpg', 3499, 3499, 3),
(215, 97, 1, 'Tistabene\r\nMen Red & Beige Comfort Slim Fit Printed Casual Shirt With Mask', 'Red and Beige printed casual shirt, has a mandarin collar, long sleeves, button placket, curved hem, and 1 patch pocket Comes with a mask.\r\n', 'https://akashsir.in/myapi/ecom1/upload/red_shirt_with_mask.jpeg', 1106, 1106, 2),
(216, 57, 1, 'Tistabene\r\nMen Red & Beige Comfort Slim Fit Printed Casual Shirt With Mask', 'Red and Beige printed casual shirt, has a mandarin collar, long sleeves, button placket, curved hem, and 1 patch pocket Comes with a mask.\r\n', 'https://akashsir.in/myapi/ecom1/upload/red_shirt_with_mask.jpeg', 1106, 1106, 2),
(311, 110, 10, 'High-Rise Skinny Jeans', 'Denim\r\nMachine wash cold\r\nHigh Rise', 'https://akashsir.in/myapi/ecom1/upload/1612856740wj2.webp', 864, 864, 1),
(315, 110, 13, 'Heathered Shirt with Patch Pocket', 'Cotton\r\nRegular Fit\r\nMachine wash', 'https://akashsir.in/myapi/ecom1/upload/1612859581ms2.jpg', 440, 440, 1),
(318, 1, 1, 'Printed Cotton Flared Kurta', 'Printed Cotton Flared Kurta', '', 740, 740, 3),
(319, 1, 1, '', '', '', 0, 740, 3),
(320, 1, 1, '', '', '', 0, 740, 0),
(321, 1, 1, '', '', '', 0, 0, 0),
(322, 1, 0, '', '', '', 0, 0, 0),
(324, 126, 6, 'Legend Essential Training Shoes', 'Wipe with a clean, dry cloth when needed\r\nFoam midsole\r\nTextile upper\r\nEnhanced traction pattern\r\nMesh upper for air flow\r\nPull-up tabs\r\nLace Fastening\r\n6-month warranty against manufacturing defects (not valid on more than 20% discounted products)\r\nRubber sole', 'https://akashsir.in/myapi/ecom1/upload/1612855923m3.webp', 3596, 3596, 1),
(326, 126, 18, 'Printed Cotton Flared Kurta', 'Assurance & Authenticity: Quality Satisfaction And Timely Delivery Are Assured. To Be Sure Of Authenticity, We Recommend You To Buy This Product From GULMOHAR JAIPUR Brand Only.\r\nCotton\r\nMachine wash\r\nNo Darts', 'https://akashsir.in/myapi/ecom1/upload/1612875581wd2.webp', 640, 640, 1),
(329, 125, 1, 'Tistabene\r\nMen Red & Beige Comfort Slim Fit Printed Casual Shirt With Mask', '\"Red and Beige printed casual shirt, has a mandarin collar, long sleeves, button placket, curved hem, and 1 patch pocket Comes with a mask.\r\n\"', 'https://akashsir.in/myapi/ecom1/upload/red_shirt_with_mask.jpeg', 1106, 1100, 1),
(330, 127, 4, 'GANT\r\nMen White Regular Fit Solid Casual Shirt', 'White solid casual shirt, has a button-down collar, long sleeves, button placket, and curved hem', 'https://akashsir.in/myapi/ecom1/upload/white_shirt.jpg', 3499, 3499, 1),
(331, 127, 4, 'GANT\r\nMen White Regular Fit Solid Casual Shirt', 'White solid casual shirt, has a button-down collar, long sleeves, button placket, and curved hem', 'https://akashsir.in/myapi/ecom1/upload/white_shirt.jpg', 3499, 3499, 1),
(343, 110, 1, 'Tistabene\r\nMen Red & Beige Comfort Slim Fit Printed Casual Shirt With Mask', 'Red and Beige printed casual shirt, has a mandarin collar, long sleeves, button placket, curved hem, and 1 patch pocket Comes with a mask.\r\n', 'https://akashsir.in/myapi/ecom1/upload/red_shirt_with_mask.jpeg', 1106, 1106, 1),
(354, 115, 12, 'X9000L4 W Lace-Up Running Sports Shoes', 'Wipe with a clean, dry cloth when needed\r\nTextile upper\r\nLace Fastening\r\n3-month warranty against manufacturing defects\r\nRubber sole', 'https://akashsir.in/myapi/ecom1/upload/1612859382ms4.jpg', 11899, 11899, 1),
(361, 115, 7, 'Victori One Sliders', 'Wipe with a clean, dry cloth when needed\r\nSynthetic rubber sole\r\n6-month warranty against manufacturing defects (not valid on more than 20% discounted products)\r\nSynthetic upper', 'https://akashsir.in/myapi/ecom1/upload/1612856010m4.webp', 2095, 2095, 1),
(363, 115, 6, 'Legend Essential Training Shoes', 'Wipe with a clean, dry cloth when needed\r\nFoam midsole\r\nTextile upper\r\nEnhanced traction pattern\r\nMesh upper for air flow\r\nPull-up tabs\r\nLace Fastening\r\n6-month warranty against manufacturing defects (not valid on more than 20% discounted products)\r\nRubber sole', 'https://akashsir.in/myapi/ecom1/upload/1612855923m3.webp', 3596, 3596, -3),
(394, 110, 16, 'Colourblock Running Sports Shoes', 'Wipe with a clean, dry cloth when needed\r\nLight-Weight & Comfortable Sports Shoes\r\nKnitting Fabric Sports Shoes\r\nFabric insole\r\nFabric upper\r\nPink\r\nRubber sole', 'https://akashsir.in/myapi/ecom1/upload/1612875043wss1.webp', 509, 509, 1),
(416, 124, 1, 'Tistabene\r\nMen Red & Beige Comfort Slim Fit Printed Casual Shirt With Mask', 'Red and Beige printed casual shirt, has a mandarin collar, long sleeves, button placket, curved hem, and 1 patch pocket Comes with a mask.\r\n', 'https://akashsir.in/myapi/ecom1/upload/red_shirt_with_mask.jpeg', 1106, 1106, 3),
(450, 115, 18, 'Printed Cotton Flared Kurta', 'Assurance & Authenticity: Quality Satisfaction And Timely Delivery Are Assured. To Be Sure Of Authenticity, We Recommend You To Buy This Product From GULMOHAR JAIPUR Brand Only.\r\nCotton\r\nMachine wash\r\nNo Darts', 'https://akashsir.in/myapi/ecom1/upload/1612875581wd2.webp', 640, 640, 1),
(451, 115, 18, 'Printed Cotton Flared Kurta', 'Assurance & Authenticity: Quality Satisfaction And Timely Delivery Are Assured. To Be Sure Of Authenticity, We Recommend You To Buy This Product From GULMOHAR JAIPUR Brand Only.\r\nCotton\r\nMachine wash\r\nNo Darts', 'https://akashsir.in/myapi/ecom1/upload/1612875581wd2.webp', 640, 640, 1),
(452, 115, 18, 'Printed Cotton Flared Kurta', 'Assurance & Authenticity: Quality Satisfaction And Timely Delivery Are Assured. To Be Sure Of Authenticity, We Recommend You To Buy This Product From GULMOHAR JAIPUR Brand Only.\r\nCotton\r\nMachine wash\r\nNo Darts', 'https://akashsir.in/myapi/ecom1/upload/1612875581wd2.webp', 640, 640, 1),
(493, 103, 14, 'Textured Pointed-Toe Sandals', 'Wipe with a clean, dry cloth when needed\r\nHeel height: 1.3 inches\r\nFaux leather upper\r\nRubber sole', 'https://akashsir.in/myapi/ecom1/upload/1612859898wsh2.webp', 672, 672, 1),
(494, 133, 6, 'Legend Essential Training Shoes', 'Wipe with a clean, dry cloth when needed\r\nFoam midsole\r\nTextile upper\r\nEnhanced traction pattern\r\nMesh upper for air flow\r\nPull-up tabs\r\nLace Fastening\r\n6-month warranty against manufacturing defects (not valid on more than 20% discounted products)\r\nRubber sole', 'https://akashsir.in/myapi/ecom1/upload/1612855923m3.webp', 3596, 3596, 1),
(545, 130, 18, 'Printed Cotton Flared Kurta', 'Assurance & Authenticity: Quality Satisfaction And Timely Delivery Are Assured. To Be Sure Of Authenticity, We Recommend You To Buy This Product From GULMOHAR JAIPUR Brand Only.\r\nCotton\r\nMachine wash\r\nNo Darts', 'https://akashsir.in/myapi/ecom1/upload/1612875581wd2.webp', 640, 640, 1),
(546, 130, 4, 'GANT\r\nMen White Regular Fit Solid Casual Shirt', 'White solid casual shirt, has a button-down collar, long sleeves, button placket, and curved hem', 'https://akashsir.in/myapi/ecom1/upload/white_shirt.jpg', 3499, 3499, 1),
(547, 130, 13, 'Heathered Shirt with Patch Pocket', 'Cotton\r\nRegular Fit\r\nMachine wash', 'https://akashsir.in/myapi/ecom1/upload/1612859581ms2.jpg', 440, 440, 1),
(550, 130, 5, 'Mast & Harbour\r\nMen Blue Slim Tapered Fit Mid-Rise Clean Look Stretchable Jeans', 'Blue medium wash 5-pocket mid-rise jeans, clean look with light fade, has a button and zip closure, waistband with belt loops', 'https://akashsir.in/myapi/ecom1/upload/jeans.jpg', 509, 509, 1),
(551, 110, 1, 'Tistabene\r\nMen Red & Beige Comfort Slim Fit Printed Casual Shirt With Mask', 'Red and Beige printed casual shirt, has a mandarin collar, long sleeves, button placket, curved hem, and 1 patch pocket Comes with a mask.\r\n', 'https://akashsir.in/myapi/ecom1/upload/red_shirt_with_mask.jpeg', 1106, 1106, 1);

-- --------------------------------------------------------

--
-- Table structure for table `tbl_category`
--

CREATE TABLE `tbl_category` (
  `category_id` int(11) NOT NULL,
  `category_name` varchar(100) NOT NULL,
  `category_image` varchar(150) NOT NULL DEFAULT 'noimage.png'
) ENGINE=InnoDB DEFAULT CHARSET=latin1;

--
-- Dumping data for table `tbl_category`
--

INSERT INTO `tbl_category` (`category_id`, `category_name`, `category_image`) VALUES
(1, 'Men', 'men.png'),
(2, 'Women', 'women.png'),
(3, 'Man Shoes', '1612855640shoes.png'),
(4, 'Woman Shoes', '1612872418images-removebg-preview.png');

-- --------------------------------------------------------

--
-- Table structure for table `tbl_mail_setting`
--

CREATE TABLE `tbl_mail_setting` (
  `mail_setting_id` int(11) NOT NULL,
  `mail_smtp_secure` varchar(200) NOT NULL,
  `mail_host` varchar(200) NOT NULL,
  `mail_port` varchar(200) NOT NULL,
  `mail_username` varchar(200) NOT NULL,
  `mail_password` varchar(100) NOT NULL,
  `mail_email_send` varchar(200) NOT NULL,
  `mail_title` varchar(200) NOT NULL,
  `update_datetime` datetime DEFAULT NULL
) ENGINE=InnoDB DEFAULT CHARSET=latin1;

--
-- Dumping data for table `tbl_mail_setting`
--

INSERT INTO `tbl_mail_setting` (`mail_setting_id`, `mail_smtp_secure`, `mail_host`, `mail_port`, `mail_username`, `mail_password`, `mail_email_send`, `mail_title`, `update_datetime`) VALUES
(1, 'TLS', 'smtp.gmail.com', '587', 'princethakor1212@gmail.com', 'prince12@gmail', 'pareshjthakor3181@gmail.com', 'Ecommerce', '2020-05-15 03:48:21');

-- --------------------------------------------------------

--
-- Table structure for table `tbl_order_details`
--

CREATE TABLE `tbl_order_details` (
  `order_details_id` int(11) NOT NULL,
  `order_id` int(11) NOT NULL,
  `product_id` int(11) NOT NULL,
  `product_qty` int(11) NOT NULL,
  `total_amount` int(11) NOT NULL
) ENGINE=InnoDB DEFAULT CHARSET=latin1;

--
-- Dumping data for table `tbl_order_details`
--

INSERT INTO `tbl_order_details` (`order_details_id`, `order_id`, `product_id`, `product_qty`, `total_amount`) VALUES
(1, 1, 5, 3, 1527),
(2, 1, 1, 2, 2212),
(3, 1, 4, 1, 3499),
(4, 2, 5, 1, 509),
(5, 35, 1, 2, 2000),
(6, 35, 1, 2, 2000),
(7, 36, 1, 2, 2000),
(8, 36, 1, 2, 2000),
(9, 37, 1, 2, 2000),
(10, 38, 1, 0, 4424),
(11, 38, 1, 0, 4424),
(12, 39, 1, 0, 2212),
(13, 40, 9, 0, 2418),
(14, 41, 9, 0, 6014),
(15, 41, 6, 0, 6014),
(16, 42, 9, 0, 6014),
(17, 42, 6, 0, 6014),
(18, 43, 17, 0, 1480),
(19, 44, 12, 0, 11899),
(20, 45, 18, 0, 640),
(21, 46, 14, 0, 672),
(22, 47, 4, 0, 3499),
(23, 48, 1, 0, 1106),
(24, 49, 11, 0, 1834),
(25, 49, 5, 0, 1834),
(26, 50, 8, 0, 2300),
(27, 54, 9, 0, 13108),
(28, 54, 12, 0, 13108),
(29, 55, 18, 0, 640),
(30, 56, 18, 0, 640),
(31, 57, 18, 0, 640),
(32, 58, 18, 0, 640),
(33, 59, 18, 0, 640),
(34, 60, 18, 0, 640),
(35, 61, 18, 0, 640),
(36, 62, 18, 0, 640),
(37, 63, 18, 0, 640),
(38, 64, 18, 0, 640),
(39, 65, 18, 0, 640),
(40, 75, 4, 0, 3499),
(41, 76, 15, 0, 2642),
(42, 76, 18, 0, 2642),
(43, 76, 13, 0, 2642),
(44, 77, 15, 0, 2642),
(45, 77, 18, 0, 2642),
(46, 77, 13, 0, 2642),
(47, 78, 15, 0, 2642),
(48, 78, 18, 0, 2642),
(49, 78, 13, 0, 2642),
(50, 79, 15, 0, 2642),
(51, 79, 18, 0, 2642),
(52, 79, 13, 0, 2642),
(53, 80, 15, 0, 2642),
(54, 80, 18, 0, 2642),
(55, 80, 13, 0, 2642),
(56, 81, 15, 0, 2642),
(57, 81, 18, 0, 2642),
(58, 81, 13, 0, 2642),
(59, 82, 15, 0, 2642),
(60, 82, 18, 0, 2642),
(61, 82, 13, 0, 2642),
(62, 83, 15, 0, 2642),
(63, 83, 18, 0, 2642),
(64, 83, 13, 0, 2642),
(65, 84, 15, 0, 2642),
(66, 84, 18, 0, 2642),
(67, 84, 13, 0, 2642),
(68, 85, 15, 0, 2642),
(69, 85, 18, 0, 2642),
(70, 85, 13, 0, 2642),
(71, 86, 15, 0, 2642),
(72, 86, 18, 0, 2642),
(73, 86, 13, 0, 2642),
(74, 87, 15, 0, 2642),
(75, 87, 18, 0, 2642),
(76, 87, 13, 0, 2642),
(77, 88, 15, 0, 2642),
(78, 88, 18, 0, 2642),
(79, 88, 13, 0, 2642),
(80, 89, 15, 0, 2642),
(81, 89, 18, 0, 2642),
(82, 89, 13, 0, 2642),
(83, 90, 15, 0, 2642),
(84, 90, 18, 0, 2642),
(85, 90, 13, 0, 2642),
(86, 91, 12, 1, 0),
(87, 91, 6, 2, 0),
(88, 91, 18, 1, 0),
(89, 92, 1, 3, 0),
(90, 93, 12, 1, 0),
(91, 93, 6, 2, 0),
(92, 93, 18, 1, 0),
(93, 94, 12, 1, 0),
(94, 94, 6, 2, 0),
(95, 94, 18, 1, 0),
(96, 95, 12, 1, 0),
(97, 95, 6, 2, 0),
(98, 95, 18, 1, 0),
(99, 96, 12, 1, 0),
(100, 96, 6, 2, 0),
(101, 96, 18, 1, 0),
(102, 97, 1, 1, 0),
(103, 98, 1, 1, 0),
(104, 99, 5, 1, 0),
(105, 100, 6, 0, 3596),
(106, 101, 6, 0, 3596),
(107, 102, 6, 0, 3596),
(108, 103, 12, 0, 23798),
(109, 104, 5, 0, 509),
(110, 105, 10, 0, 864),
(111, 106, 17, 0, 740),
(112, 107, 8, 0, 1150),
(113, 108, 1, 2, 0),
(114, 108, 13, 1, 0),
(115, 109, 7, 1, 0),
(116, 110, 14, 0, 672),
(117, 111, 14, 1, 0),
(118, 111, 15, 1, 0),
(119, 112, 12, 1, 0),
(120, 113, 13, 1, 0),
(121, 114, 13, 1, 0),
(122, 115, 13, 0, 440),
(123, 116, 1, 0, 2212),
(124, 118, 13, 1, 0),
(125, 118, 16, 1, 0),
(126, 118, 13, 3, 0),
(127, 119, 0, 1, 0),
(128, 119, 0, 3, 0),
(129, 119, 0, 2, 0),
(130, 119, 0, 2, 0),
(131, 120, 0, 1, 0),
(132, 120, 0, 3, 0),
(133, 120, 0, 2, 0),
(134, 120, 0, 2, 0),
(135, 121, 0, 1, 0),
(136, 121, 0, 3, 0),
(137, 121, 0, 2, 0),
(138, 121, 0, 2, 0),
(139, 122, 10, 1, 0),
(140, 122, 17, 3, 0),
(141, 122, 1, 2, 0),
(142, 122, 18, 2, 0),
(143, 122, 10, 1, 0),
(144, 122, 13, 1, 0),
(145, 122, 13, 1, 0),
(146, 122, 1, 2, 0),
(147, 123, 10, 1, 0),
(148, 123, 17, 3, 0),
(149, 123, 1, 2, 0),
(150, 123, 18, 2, 0),
(151, 123, 10, 1, 0),
(152, 123, 13, 1, 0),
(153, 123, 13, 1, 0),
(154, 123, 1, 2, 0),
(155, 123, 18, 1, 0),
(156, 124, 10, 1, 0),
(157, 124, 17, 3, 0),
(158, 124, 1, 2, 0),
(159, 124, 18, 2, 0),
(160, 124, 10, 1, 0),
(161, 124, 13, 1, 0),
(162, 124, 13, 1, 0),
(163, 124, 1, 2, 0),
(164, 124, 18, 1, 0),
(165, 125, 10, 1, 0),
(166, 125, 17, 3, 0),
(167, 125, 1, 2, 0),
(168, 125, 18, 2, 0),
(169, 125, 10, 1, 0),
(170, 125, 13, 1, 0),
(171, 125, 13, 1, 0),
(172, 125, 1, 2, 0),
(173, 125, 18, 1, 0),
(174, 126, 10, 1, 0),
(175, 126, 17, 3, 0),
(176, 126, 1, 2, 0),
(177, 126, 18, 2, 0),
(178, 126, 10, 1, 0),
(179, 126, 13, 1, 0),
(180, 126, 13, 1, 0),
(181, 126, 1, 2, 0),
(182, 126, 18, 1, 0),
(183, 127, 10, 1, 0),
(184, 127, 17, 3, 0),
(185, 127, 1, 2, 0),
(186, 127, 18, 2, 0),
(187, 127, 10, 1, 0),
(188, 127, 13, 1, 0),
(189, 127, 13, 1, 0),
(190, 127, 1, 2, 0),
(191, 127, 18, 1, 0),
(192, 128, 10, 1, 0),
(193, 128, 17, 3, 0),
(194, 128, 1, 2, 0),
(195, 128, 18, 2, 0),
(196, 128, 10, 1, 0),
(197, 128, 13, 1, 0),
(198, 128, 13, 1, 0),
(199, 128, 1, 2, 0),
(200, 128, 18, 1, 0),
(201, 129, 10, 1, 0),
(202, 129, 17, 3, 0),
(203, 129, 1, 2, 0),
(204, 129, 18, 2, 0),
(205, 129, 10, 1, 0),
(206, 129, 13, 1, 0),
(207, 129, 13, 1, 0),
(208, 129, 1, 2, 0),
(209, 129, 18, 1, 0),
(210, 130, 10, 1, 0),
(211, 130, 17, 3, 0),
(212, 130, 1, 2, 0),
(213, 130, 18, 2, 0),
(214, 130, 10, 1, 0),
(215, 130, 13, 1, 0),
(216, 130, 13, 1, 0),
(217, 130, 1, 2, 0),
(218, 130, 18, 1, 0),
(219, 131, 10, 1, 0),
(220, 131, 17, 3, 0),
(221, 131, 1, 2, 0),
(222, 131, 18, 2, 0),
(223, 131, 10, 1, 0),
(224, 131, 13, 1, 0),
(225, 131, 13, 1, 0),
(226, 131, 1, 2, 0),
(227, 131, 18, 1, 0),
(228, 132, 10, 1, 0),
(229, 132, 17, 3, 0),
(230, 132, 1, 2, 0),
(231, 132, 18, 2, 0),
(232, 132, 10, 1, 0),
(233, 132, 13, 1, 0),
(234, 132, 13, 1, 0),
(235, 132, 1, 2, 0),
(236, 132, 18, 1, 0),
(237, 133, 10, 1, 0),
(238, 133, 17, 3, 0),
(239, 133, 1, 2, 0),
(240, 133, 18, 2, 0),
(241, 133, 10, 1, 0),
(242, 133, 13, 1, 0),
(243, 133, 13, 1, 0),
(244, 133, 1, 2, 0),
(245, 133, 18, 1, 0),
(246, 134, 10, 1, 0),
(247, 134, 17, 3, 0),
(248, 134, 1, 2, 0),
(249, 134, 18, 2, 0),
(250, 134, 10, 1, 0),
(251, 134, 13, 1, 0),
(252, 134, 13, 1, 0),
(253, 134, 1, 2, 0),
(254, 134, 18, 1, 0),
(255, 135, 10, 1, 0),
(256, 135, 17, 3, 0),
(257, 135, 1, 2, 0),
(258, 135, 18, 2, 0),
(259, 135, 10, 1, 0),
(260, 135, 13, 1, 0),
(261, 135, 13, 1, 0),
(262, 135, 1, 2, 0),
(263, 135, 18, 1, 0),
(264, 136, 10, 1, 0),
(265, 136, 17, 3, 0),
(266, 136, 1, 2, 0),
(267, 136, 18, 2, 0),
(268, 136, 10, 1, 0),
(269, 136, 13, 1, 0),
(270, 136, 13, 1, 0),
(271, 136, 1, 2, 0),
(272, 136, 18, 1, 0),
(273, 137, 10, 1, 0),
(274, 137, 17, 3, 0),
(275, 137, 1, 2, 0),
(276, 137, 18, 2, 0),
(277, 137, 10, 1, 0),
(278, 137, 13, 1, 0),
(279, 137, 13, 1, 0),
(280, 137, 1, 2, 0),
(281, 137, 18, 1, 0),
(282, 138, 10, 1, 0),
(283, 138, 17, 3, 0),
(284, 138, 1, 2, 0),
(285, 138, 18, 2, 0),
(286, 138, 10, 1, 0),
(287, 138, 13, 1, 0),
(288, 138, 13, 1, 0),
(289, 138, 1, 2, 0),
(290, 138, 18, 1, 0),
(291, 139, 10, 1, 0),
(292, 139, 17, 3, 0),
(293, 139, 1, 2, 0),
(294, 139, 18, 2, 0),
(295, 139, 10, 1, 0),
(296, 139, 13, 1, 0),
(297, 139, 13, 1, 0),
(298, 139, 1, 2, 0),
(299, 139, 18, 1, 0),
(300, 140, 10, 1, 0),
(301, 140, 17, 3, 0),
(302, 140, 1, 2, 0),
(303, 140, 18, 2, 0),
(304, 140, 10, 1, 0),
(305, 140, 13, 1, 0),
(306, 140, 13, 1, 0),
(307, 140, 1, 2, 0),
(308, 140, 18, 1, 0),
(309, 141, 10, 1, 0),
(310, 141, 17, 3, 0),
(311, 141, 1, 2, 0),
(312, 141, 18, 2, 0),
(313, 141, 10, 1, 0),
(314, 141, 13, 1, 0),
(315, 141, 13, 1, 0),
(316, 141, 1, 2, 0),
(317, 141, 18, 1, 0),
(318, 142, 10, 1, 0),
(319, 142, 17, 3, 0),
(320, 142, 1, 2, 0),
(321, 142, 18, 2, 0),
(322, 142, 10, 1, 0),
(323, 142, 13, 1, 0),
(324, 142, 13, 1, 0),
(325, 142, 1, 2, 0),
(326, 142, 18, 1, 0),
(327, 143, 10, 1, 0),
(328, 143, 17, 3, 0),
(329, 143, 1, 2, 0),
(330, 143, 18, 2, 0),
(331, 143, 10, 1, 0),
(332, 143, 13, 1, 0),
(333, 143, 13, 1, 0),
(334, 143, 1, 2, 0),
(335, 143, 18, 1, 0),
(336, 144, 10, 1, 0),
(337, 144, 17, 3, 0),
(338, 144, 1, 2, 0),
(339, 144, 18, 2, 0),
(340, 144, 10, 1, 0),
(341, 144, 13, 1, 0),
(342, 144, 13, 1, 0),
(343, 144, 1, 2, 0),
(344, 144, 18, 1, 0),
(345, 145, 10, 1, 0),
(346, 145, 17, 3, 0),
(347, 145, 1, 2, 0),
(348, 145, 18, 2, 0),
(349, 145, 10, 1, 0),
(350, 145, 13, 1, 0),
(351, 145, 13, 1, 0),
(352, 145, 1, 2, 0),
(353, 145, 18, 1, 0),
(354, 146, 10, 1, 0),
(355, 146, 17, 3, 0),
(356, 146, 1, 2, 0),
(357, 146, 18, 2, 0),
(358, 146, 10, 1, 0),
(359, 146, 13, 1, 0),
(360, 146, 13, 1, 0),
(361, 146, 1, 2, 0),
(362, 146, 18, 1, 0),
(363, 147, 10, 1, 0),
(364, 147, 17, 3, 0),
(365, 147, 1, 2, 0),
(366, 147, 18, 2, 0),
(367, 147, 10, 1, 0),
(368, 147, 13, 1, 0),
(369, 147, 13, 1, 0),
(370, 147, 1, 2, 0),
(371, 147, 18, 1, 0),
(372, 148, 10, 1, 0),
(373, 148, 17, 3, 0),
(374, 148, 1, 2, 0),
(375, 148, 18, 2, 0),
(376, 148, 10, 1, 0),
(377, 148, 13, 1, 0),
(378, 148, 13, 1, 0),
(379, 148, 1, 2, 0),
(380, 148, 18, 1, 0),
(381, 149, 10, 1, 0),
(382, 149, 17, 3, 0),
(383, 149, 1, 2, 0),
(384, 149, 18, 2, 0),
(385, 149, 10, 1, 0),
(386, 149, 13, 1, 0),
(387, 149, 13, 1, 0),
(388, 149, 1, 2, 0),
(389, 149, 18, 1, 0),
(390, 150, 10, 1, 0),
(391, 150, 17, 3, 0),
(392, 150, 1, 2, 0),
(393, 150, 18, 2, 0),
(394, 150, 10, 1, 0),
(395, 150, 13, 1, 0),
(396, 150, 13, 1, 0),
(397, 150, 1, 2, 0),
(398, 150, 18, 1, 0),
(399, 151, 10, 1, 0),
(400, 151, 17, 3, 0),
(401, 151, 1, 2, 0),
(402, 151, 18, 2, 0),
(403, 151, 10, 1, 0),
(404, 151, 13, 1, 0),
(405, 151, 13, 1, 0),
(406, 151, 1, 2, 0),
(407, 151, 18, 1, 0),
(408, 152, 10, 1, 0),
(409, 152, 17, 3, 0),
(410, 152, 1, 2, 0),
(411, 152, 18, 2, 0),
(412, 152, 10, 1, 0),
(413, 152, 13, 1, 0),
(414, 152, 13, 1, 0),
(415, 152, 1, 2, 0),
(416, 152, 18, 1, 0),
(417, 153, 10, 1, 0),
(418, 153, 17, 3, 0),
(419, 153, 1, 2, 0),
(420, 153, 18, 2, 0),
(421, 153, 10, 1, 0),
(422, 153, 13, 1, 0),
(423, 153, 13, 1, 0),
(424, 153, 1, 2, 0),
(425, 153, 18, 1, 0),
(426, 154, 10, 1, 0),
(427, 154, 17, 3, 0),
(428, 154, 1, 2, 0),
(429, 154, 18, 2, 0),
(430, 154, 10, 1, 0),
(431, 154, 13, 1, 0),
(432, 154, 13, 1, 0),
(433, 154, 1, 2, 0),
(434, 154, 18, 1, 0),
(435, 155, 10, 1, 0),
(436, 155, 17, 3, 0),
(437, 155, 1, 2, 0),
(438, 155, 18, 2, 0),
(439, 155, 10, 1, 0),
(440, 155, 13, 1, 0),
(441, 155, 13, 1, 0),
(442, 155, 1, 2, 0),
(443, 155, 18, 1, 0),
(444, 156, 10, 1, 0),
(445, 156, 17, 3, 0),
(446, 156, 1, 2, 0),
(447, 156, 18, 2, 0),
(448, 156, 10, 1, 0),
(449, 156, 13, 1, 0),
(450, 156, 13, 1, 0),
(451, 156, 1, 2, 0),
(452, 156, 18, 1, 0),
(453, 157, 10, 1, 0),
(454, 157, 17, 3, 0),
(455, 157, 1, 2, 0),
(456, 157, 18, 2, 0),
(457, 157, 10, 1, 0),
(458, 157, 13, 1, 0),
(459, 157, 13, 1, 0),
(460, 157, 1, 2, 0),
(461, 157, 18, 1, 0),
(462, 158, 10, 1, 0),
(463, 158, 17, 3, 0),
(464, 158, 1, 2, 0),
(465, 158, 18, 2, 0),
(466, 158, 10, 1, 0),
(467, 158, 13, 1, 0),
(468, 158, 13, 1, 0),
(469, 158, 1, 2, 0),
(470, 158, 18, 1, 0),
(471, 159, 10, 1, 0),
(472, 159, 17, 3, 0),
(473, 159, 1, 2, 0),
(474, 159, 18, 2, 0),
(475, 159, 10, 1, 0),
(476, 159, 13, 1, 0),
(477, 159, 13, 1, 0),
(478, 159, 1, 2, 0),
(479, 159, 18, 1, 0),
(480, 160, 10, 1, 0),
(481, 160, 17, 3, 0),
(482, 160, 1, 2, 0),
(483, 160, 18, 2, 0),
(484, 160, 10, 1, 0),
(485, 160, 13, 1, 0),
(486, 160, 13, 1, 0),
(487, 160, 1, 2, 0),
(488, 160, 18, 1, 0),
(489, 161, 10, 1, 0),
(490, 161, 17, 3, 0),
(491, 161, 1, 2, 0),
(492, 161, 18, 2, 0),
(493, 161, 10, 1, 0),
(494, 161, 13, 1, 0),
(495, 161, 13, 1, 0),
(496, 161, 1, 2, 0),
(497, 161, 18, 1, 0),
(498, 162, 10, 1, 0),
(499, 162, 17, 3, 0),
(500, 162, 1, 2, 0),
(501, 162, 18, 2, 0),
(502, 162, 10, 1, 0),
(503, 162, 13, 1, 0),
(504, 162, 13, 1, 0),
(505, 162, 1, 2, 0),
(506, 162, 18, 1, 0),
(507, 163, 10, 1, 0),
(508, 163, 17, 3, 0),
(509, 163, 1, 2, 0),
(510, 163, 18, 2, 0),
(511, 163, 10, 1, 0),
(512, 163, 13, 1, 0),
(513, 163, 13, 1, 0),
(514, 163, 1, 2, 0),
(515, 163, 18, 1, 0),
(516, 164, 10, 1, 0),
(517, 164, 17, 3, 0),
(518, 164, 1, 2, 0),
(519, 164, 18, 2, 0),
(520, 164, 10, 1, 0),
(521, 164, 13, 1, 0),
(522, 164, 13, 1, 0),
(523, 164, 1, 2, 0),
(524, 164, 18, 1, 0),
(525, 165, 10, 1, 0),
(526, 165, 17, 3, 0),
(527, 165, 1, 2, 0),
(528, 165, 18, 2, 0),
(529, 165, 10, 1, 0),
(530, 165, 13, 1, 0),
(531, 165, 13, 1, 0),
(532, 165, 1, 2, 0),
(533, 165, 18, 1, 0),
(534, 166, 10, 1, 0),
(535, 166, 17, 3, 0),
(536, 166, 1, 2, 0),
(537, 166, 18, 2, 0),
(538, 166, 10, 1, 0),
(539, 166, 13, 1, 0),
(540, 166, 13, 1, 0),
(541, 166, 1, 2, 0),
(542, 166, 18, 1, 0),
(543, 167, 10, 1, 0),
(544, 167, 17, 3, 0),
(545, 167, 1, 2, 0),
(546, 167, 18, 2, 0),
(547, 167, 10, 1, 0),
(548, 167, 13, 1, 0),
(549, 167, 13, 1, 0),
(550, 167, 1, 2, 0),
(551, 167, 18, 1, 0),
(552, 168, 10, 1, 0),
(553, 168, 17, 3, 0),
(554, 168, 1, 2, 0),
(555, 168, 18, 2, 0),
(556, 168, 10, 1, 0),
(557, 168, 13, 1, 0),
(558, 168, 13, 1, 0),
(559, 168, 1, 2, 0),
(560, 168, 18, 1, 0),
(561, 169, 10, 1, 0),
(562, 169, 17, 3, 0),
(563, 169, 1, 2, 0),
(564, 169, 18, 2, 0),
(565, 169, 10, 1, 0),
(566, 169, 13, 1, 0),
(567, 169, 13, 1, 0),
(568, 169, 1, 2, 0),
(569, 169, 18, 1, 0),
(570, 170, 10, 1, 0),
(571, 170, 17, 3, 0),
(572, 170, 1, 2, 0),
(573, 170, 18, 2, 0),
(574, 170, 10, 1, 0),
(575, 170, 13, 1, 0),
(576, 170, 13, 1, 0),
(577, 170, 1, 2, 0),
(578, 170, 18, 1, 0),
(579, 171, 10, 1, 0),
(580, 171, 17, 3, 0),
(581, 171, 1, 2, 0),
(582, 171, 18, 2, 0),
(583, 171, 10, 1, 0),
(584, 171, 13, 1, 0),
(585, 171, 13, 1, 0),
(586, 171, 1, 2, 0),
(587, 171, 18, 1, 0),
(588, 172, 10, 1, 0),
(589, 172, 17, 3, 0),
(590, 172, 1, 2, 0),
(591, 172, 18, 2, 0),
(592, 172, 10, 1, 0),
(593, 172, 13, 1, 0),
(594, 172, 13, 1, 0),
(595, 172, 1, 2, 0),
(596, 172, 18, 1, 0),
(597, 173, 10, 1, 0),
(598, 173, 17, 3, 0),
(599, 173, 1, 2, 0),
(600, 173, 18, 2, 0),
(601, 173, 10, 1, 0),
(602, 173, 13, 1, 0),
(603, 173, 13, 1, 0),
(604, 173, 1, 2, 0),
(605, 173, 18, 1, 0),
(606, 174, 10, 1, 0),
(607, 174, 17, 3, 0),
(608, 174, 1, 2, 0),
(609, 174, 18, 2, 0),
(610, 174, 10, 1, 0),
(611, 174, 13, 1, 0),
(612, 174, 13, 1, 0),
(613, 174, 1, 2, 0),
(614, 174, 18, 1, 0),
(615, 175, 10, 1, 0),
(616, 175, 17, 3, 0),
(617, 175, 1, 2, 0),
(618, 175, 18, 2, 0),
(619, 175, 10, 1, 0),
(620, 175, 13, 1, 0),
(621, 175, 13, 1, 0),
(622, 175, 1, 2, 0),
(623, 175, 18, 1, 0),
(624, 176, 10, 1, 0),
(625, 176, 17, 3, 0),
(626, 176, 1, 2, 0),
(627, 176, 18, 2, 0),
(628, 176, 10, 1, 0),
(629, 176, 13, 1, 0),
(630, 176, 13, 1, 0),
(631, 176, 1, 2, 0),
(632, 176, 18, 1, 0),
(633, 177, 10, 1, 0),
(634, 177, 17, 3, 0),
(635, 177, 1, 2, 0),
(636, 177, 18, 2, 0),
(637, 177, 10, 1, 0),
(638, 177, 13, 1, 0),
(639, 177, 13, 1, 0),
(640, 177, 1, 2, 0),
(641, 177, 18, 1, 0),
(642, 178, 10, 1, 0),
(643, 178, 17, 3, 0),
(644, 178, 1, 2, 0),
(645, 178, 18, 2, 0),
(646, 178, 10, 1, 0),
(647, 178, 13, 1, 0),
(648, 178, 13, 1, 0),
(649, 178, 1, 2, 0),
(650, 178, 18, 1, 0),
(651, 179, 10, 1, 0),
(652, 179, 17, 3, 0),
(653, 179, 1, 2, 0),
(654, 179, 18, 2, 0),
(655, 179, 10, 1, 0),
(656, 179, 13, 1, 0),
(657, 179, 13, 1, 0),
(658, 179, 1, 2, 0),
(659, 179, 18, 1, 0),
(660, 180, 10, 1, 0),
(661, 180, 17, 3, 0),
(662, 180, 1, 2, 0),
(663, 180, 18, 2, 0),
(664, 180, 10, 1, 0),
(665, 180, 13, 1, 0),
(666, 180, 13, 1, 0),
(667, 180, 1, 2, 0),
(668, 180, 18, 1, 0),
(669, 181, 10, 1, 0),
(670, 181, 17, 3, 0),
(671, 181, 1, 2, 0),
(672, 181, 18, 2, 0),
(673, 181, 10, 1, 0),
(674, 181, 13, 1, 0),
(675, 181, 13, 1, 0),
(676, 181, 1, 2, 0),
(677, 181, 18, 1, 0),
(678, 182, 10, 1, 0),
(679, 182, 17, 3, 0),
(680, 182, 1, 2, 0),
(681, 182, 18, 2, 0),
(682, 182, 10, 1, 0),
(683, 182, 13, 1, 0),
(684, 182, 13, 1, 0),
(685, 182, 1, 2, 0),
(686, 182, 18, 1, 0),
(687, 183, 10, 1, 0),
(688, 183, 17, 3, 0),
(689, 183, 1, 2, 0),
(690, 183, 18, 2, 0),
(691, 183, 10, 1, 0),
(692, 183, 13, 1, 0),
(693, 183, 13, 1, 0),
(694, 183, 1, 2, 0),
(695, 183, 18, 1, 0),
(696, 184, 10, 1, 0),
(697, 184, 17, 3, 0),
(698, 184, 1, 2, 0),
(699, 184, 18, 2, 0),
(700, 184, 10, 1, 0),
(701, 184, 13, 1, 0),
(702, 184, 13, 1, 0),
(703, 184, 1, 2, 0),
(704, 184, 18, 1, 0),
(705, 185, 10, 1, 0),
(706, 185, 17, 3, 0),
(707, 185, 1, 2, 0),
(708, 185, 18, 2, 0),
(709, 185, 10, 1, 0),
(710, 185, 13, 1, 0),
(711, 185, 13, 1, 0),
(712, 185, 1, 2, 0),
(713, 185, 18, 1, 0),
(714, 186, 10, 1, 0),
(715, 186, 17, 3, 0),
(716, 186, 1, 2, 0),
(717, 186, 18, 2, 0),
(718, 186, 10, 1, 0),
(719, 186, 13, 1, 0),
(720, 186, 13, 1, 0),
(721, 186, 1, 2, 0),
(722, 186, 18, 1, 0),
(723, 187, 10, 1, 0),
(724, 187, 17, 3, 0),
(725, 187, 1, 2, 0),
(726, 187, 18, 2, 0),
(727, 187, 10, 1, 0),
(728, 187, 13, 1, 0),
(729, 187, 13, 1, 0),
(730, 187, 1, 2, 0),
(731, 187, 18, 1, 0),
(732, 188, 10, 1, 0),
(733, 188, 17, 3, 0),
(734, 188, 1, 2, 0),
(735, 188, 18, 2, 0),
(736, 188, 10, 1, 0),
(737, 188, 13, 1, 0),
(738, 188, 13, 1, 0),
(739, 188, 1, 2, 0),
(740, 188, 18, 1, 0),
(741, 189, 10, 1, 0),
(742, 189, 17, 3, 0),
(743, 189, 1, 2, 0),
(744, 189, 18, 2, 0),
(745, 189, 10, 1, 0),
(746, 189, 13, 1, 0),
(747, 189, 13, 1, 0),
(748, 189, 1, 2, 0),
(749, 189, 18, 1, 0),
(750, 190, 10, 1, 0),
(751, 190, 17, 3, 0),
(752, 190, 1, 2, 0),
(753, 190, 18, 2, 0),
(754, 190, 10, 1, 0),
(755, 190, 13, 1, 0),
(756, 190, 13, 1, 0),
(757, 190, 1, 2, 0),
(758, 190, 18, 1, 0),
(759, 191, 10, 1, 0),
(760, 191, 17, 3, 0),
(761, 191, 1, 2, 0),
(762, 191, 18, 2, 0),
(763, 191, 10, 1, 0),
(764, 191, 13, 1, 0),
(765, 191, 13, 1, 0),
(766, 191, 1, 2, 0),
(767, 191, 18, 1, 0),
(768, 192, 10, 1, 0),
(769, 192, 17, 3, 0),
(770, 192, 1, 2, 0),
(771, 192, 18, 2, 0),
(772, 192, 10, 1, 0),
(773, 192, 13, 1, 0),
(774, 192, 13, 1, 0),
(775, 192, 1, 2, 0),
(776, 192, 18, 1, 0),
(777, 193, 10, 1, 0),
(778, 193, 17, 3, 0),
(779, 193, 1, 2, 0),
(780, 193, 18, 2, 0),
(781, 193, 10, 1, 0),
(782, 193, 13, 1, 0),
(783, 193, 13, 1, 0),
(784, 193, 1, 2, 0),
(785, 193, 18, 1, 0),
(786, 194, 10, 1, 0),
(787, 194, 17, 3, 0),
(788, 194, 1, 2, 0),
(789, 194, 18, 2, 0),
(790, 194, 10, 1, 0),
(791, 194, 13, 1, 0),
(792, 194, 13, 1, 0),
(793, 194, 1, 2, 0),
(794, 194, 18, 1, 0),
(795, 195, 10, 1, 0),
(796, 195, 17, 3, 0),
(797, 195, 1, 2, 0),
(798, 195, 18, 2, 0),
(799, 195, 10, 1, 0),
(800, 195, 13, 1, 0),
(801, 195, 13, 1, 0),
(802, 195, 1, 2, 0),
(803, 195, 18, 1, 0),
(804, 196, 10, 1, 0),
(805, 196, 17, 3, 0),
(806, 196, 1, 2, 0),
(807, 196, 18, 2, 0),
(808, 196, 10, 1, 0),
(809, 196, 13, 1, 0),
(810, 196, 13, 1, 0),
(811, 196, 1, 2, 0),
(812, 196, 18, 1, 0),
(813, 197, 10, 1, 0),
(814, 197, 17, 3, 0),
(815, 197, 1, 2, 0),
(816, 197, 18, 2, 0),
(817, 197, 10, 1, 0),
(818, 197, 13, 1, 0),
(819, 197, 13, 1, 0),
(820, 197, 1, 2, 0),
(821, 197, 18, 1, 0),
(822, 198, 10, 1, 0),
(823, 198, 17, 3, 0),
(824, 198, 1, 2, 0),
(825, 198, 18, 2, 0),
(826, 198, 10, 1, 0),
(827, 198, 13, 1, 0),
(828, 198, 13, 1, 0),
(829, 198, 1, 2, 0),
(830, 198, 18, 1, 0),
(831, 199, 10, 1, 0),
(832, 199, 17, 3, 0),
(833, 199, 1, 2, 0),
(834, 199, 18, 2, 0),
(835, 199, 10, 1, 0),
(836, 199, 13, 1, 0),
(837, 199, 13, 1, 0),
(838, 199, 1, 2, 0),
(839, 199, 18, 1, 0),
(840, 200, 10, 1, 0),
(841, 200, 17, 3, 0),
(842, 200, 1, 2, 0),
(843, 200, 18, 2, 0),
(844, 200, 10, 1, 0),
(845, 200, 13, 1, 0),
(846, 200, 13, 1, 0),
(847, 200, 1, 2, 0),
(848, 200, 18, 1, 0),
(849, 201, 10, 1, 0),
(850, 201, 17, 3, 0),
(851, 201, 1, 2, 0),
(852, 201, 18, 2, 0),
(853, 201, 10, 1, 0),
(854, 201, 13, 1, 0),
(855, 201, 13, 1, 0),
(856, 201, 1, 2, 0),
(857, 201, 18, 1, 0),
(858, 202, 10, 1, 0),
(859, 202, 17, 3, 0),
(860, 202, 1, 2, 0),
(861, 202, 18, 2, 0),
(862, 202, 10, 1, 0),
(863, 202, 13, 1, 0),
(864, 202, 13, 1, 0),
(865, 202, 1, 2, 0),
(866, 202, 18, 1, 0),
(867, 203, 10, 1, 0),
(868, 203, 17, 3, 0),
(869, 203, 1, 2, 0),
(870, 203, 18, 2, 0),
(871, 203, 10, 1, 0),
(872, 203, 13, 1, 0),
(873, 203, 13, 1, 0),
(874, 203, 1, 2, 0),
(875, 203, 18, 1, 0),
(876, 204, 10, 1, 0),
(877, 204, 17, 3, 0),
(878, 204, 1, 2, 0),
(879, 204, 18, 2, 0),
(880, 204, 10, 1, 0),
(881, 204, 13, 1, 0),
(882, 204, 13, 1, 0),
(883, 204, 1, 2, 0),
(884, 204, 18, 1, 0),
(885, 205, 10, 1, 0),
(886, 205, 17, 3, 0),
(887, 205, 1, 2, 0),
(888, 205, 18, 2, 0),
(889, 205, 10, 1, 0),
(890, 205, 13, 1, 0),
(891, 205, 13, 1, 0),
(892, 205, 1, 2, 0),
(893, 205, 18, 1, 0),
(894, 206, 10, 1, 0),
(895, 206, 17, 3, 0),
(896, 206, 1, 2, 0),
(897, 206, 18, 2, 0),
(898, 206, 10, 1, 0),
(899, 206, 13, 1, 0),
(900, 206, 13, 1, 0),
(901, 206, 1, 2, 0),
(902, 206, 18, 1, 0),
(903, 207, 10, 1, 0),
(904, 207, 17, 3, 0),
(905, 207, 1, 2, 0),
(906, 207, 18, 2, 0),
(907, 207, 10, 1, 0),
(908, 207, 13, 1, 0),
(909, 207, 13, 1, 0),
(910, 207, 1, 2, 0),
(911, 207, 18, 1, 0),
(912, 208, 10, 1, 0),
(913, 208, 17, 3, 0),
(914, 208, 1, 2, 0),
(915, 208, 18, 2, 0),
(916, 208, 10, 1, 0),
(917, 208, 13, 1, 0),
(918, 208, 13, 1, 0),
(919, 208, 1, 2, 0),
(920, 208, 18, 1, 0),
(921, 209, 10, 1, 0),
(922, 209, 17, 3, 0),
(923, 209, 1, 2, 0),
(924, 209, 18, 2, 0),
(925, 209, 10, 1, 0),
(926, 209, 13, 1, 0),
(927, 209, 13, 1, 0),
(928, 209, 1, 2, 0),
(929, 209, 18, 1, 0),
(930, 210, 10, 1, 0),
(931, 210, 17, 3, 0),
(932, 210, 1, 2, 0),
(933, 210, 18, 2, 0),
(934, 210, 10, 1, 0),
(935, 210, 13, 1, 0),
(936, 210, 13, 1, 0),
(937, 210, 1, 2, 0),
(938, 210, 18, 1, 0),
(939, 211, 10, 1, 0),
(940, 211, 17, 3, 0),
(941, 211, 1, 2, 0),
(942, 211, 18, 2, 0),
(943, 211, 10, 1, 0),
(944, 211, 13, 1, 0),
(945, 211, 13, 1, 0),
(946, 211, 1, 2, 0),
(947, 211, 18, 1, 0),
(948, 212, 10, 1, 0),
(949, 212, 17, 3, 0),
(950, 212, 1, 2, 0),
(951, 212, 18, 2, 0),
(952, 212, 10, 1, 0),
(953, 212, 13, 1, 0),
(954, 212, 13, 1, 0),
(955, 212, 1, 2, 0),
(956, 212, 18, 1, 0),
(957, 213, 10, 1, 0),
(958, 213, 17, 3, 0),
(959, 213, 1, 2, 0),
(960, 213, 18, 2, 0),
(961, 213, 10, 1, 0),
(962, 213, 13, 1, 0),
(963, 213, 13, 1, 0),
(964, 213, 1, 2, 0),
(965, 213, 18, 1, 0),
(966, 214, 10, 1, 0),
(967, 214, 17, 3, 0),
(968, 214, 1, 2, 0),
(969, 214, 18, 2, 0),
(970, 214, 10, 1, 0),
(971, 214, 13, 1, 0),
(972, 214, 13, 1, 0),
(973, 214, 1, 2, 0),
(974, 214, 18, 1, 0),
(975, 215, 10, 1, 0),
(976, 215, 17, 3, 0),
(977, 215, 1, 2, 0),
(978, 215, 18, 2, 0),
(979, 215, 10, 1, 0),
(980, 215, 13, 1, 0),
(981, 215, 13, 1, 0),
(982, 215, 1, 2, 0),
(983, 215, 18, 1, 0),
(984, 216, 10, 1, 0),
(985, 216, 17, 3, 0),
(986, 216, 1, 2, 0),
(987, 216, 18, 2, 0),
(988, 216, 10, 1, 0),
(989, 216, 13, 1, 0),
(990, 216, 13, 1, 0),
(991, 216, 1, 2, 0),
(992, 216, 18, 1, 0),
(993, 217, 10, 1, 0),
(994, 217, 17, 3, 0),
(995, 217, 1, 2, 0),
(996, 217, 18, 2, 0),
(997, 217, 10, 1, 0),
(998, 217, 13, 1, 0),
(999, 217, 13, 1, 0),
(1000, 217, 1, 2, 0),
(1001, 217, 18, 1, 0),
(1002, 218, 10, 1, 0),
(1003, 218, 17, 3, 0),
(1004, 218, 1, 2, 0),
(1005, 218, 18, 2, 0),
(1006, 218, 10, 1, 0),
(1007, 218, 13, 1, 0),
(1008, 218, 13, 1, 0),
(1009, 218, 1, 2, 0),
(1010, 218, 18, 1, 0),
(1011, 219, 10, 1, 0),
(1012, 219, 17, 3, 0),
(1013, 219, 1, 2, 0),
(1014, 219, 18, 2, 0),
(1015, 219, 10, 1, 0),
(1016, 219, 13, 1, 0),
(1017, 219, 13, 1, 0),
(1018, 219, 1, 2, 0),
(1019, 219, 18, 1, 0),
(1020, 220, 10, 1, 0),
(1021, 220, 17, 3, 0),
(1022, 220, 1, 2, 0),
(1023, 220, 18, 2, 0),
(1024, 220, 10, 1, 0),
(1025, 220, 13, 1, 0),
(1026, 220, 13, 1, 0),
(1027, 220, 1, 2, 0),
(1028, 220, 18, 1, 0),
(1029, 221, 10, 1, 0),
(1030, 221, 17, 3, 0),
(1031, 221, 1, 2, 0),
(1032, 221, 18, 2, 0),
(1033, 221, 10, 1, 0),
(1034, 221, 13, 1, 0),
(1035, 221, 13, 1, 0),
(1036, 221, 1, 2, 0),
(1037, 221, 18, 1, 0),
(1038, 222, 10, 1, 0),
(1039, 222, 17, 3, 0),
(1040, 222, 1, 2, 0),
(1041, 222, 18, 2, 0),
(1042, 222, 10, 1, 0),
(1043, 222, 13, 1, 0),
(1044, 222, 13, 1, 0),
(1045, 222, 1, 2, 0),
(1046, 222, 18, 1, 0),
(1047, 223, 10, 1, 0),
(1048, 223, 17, 3, 0),
(1049, 223, 1, 2, 0),
(1050, 223, 18, 2, 0),
(1051, 223, 10, 1, 0),
(1052, 223, 13, 1, 0),
(1053, 223, 13, 1, 0),
(1054, 223, 1, 2, 0),
(1055, 223, 18, 1, 0),
(1056, 224, 10, 1, 0),
(1057, 224, 17, 3, 0),
(1058, 224, 1, 2, 0),
(1059, 224, 18, 2, 0),
(1060, 224, 10, 1, 0),
(1061, 224, 13, 1, 0),
(1062, 224, 13, 1, 0),
(1063, 224, 1, 2, 0),
(1064, 224, 18, 1, 0),
(1065, 225, 10, 1, 0),
(1066, 225, 17, 3, 0),
(1067, 225, 1, 2, 0),
(1068, 225, 18, 2, 0),
(1069, 225, 10, 1, 0),
(1070, 225, 13, 1, 0),
(1071, 225, 13, 1, 0),
(1072, 225, 1, 2, 0),
(1073, 225, 18, 1, 0),
(1074, 226, 10, 1, 0),
(1075, 226, 17, 3, 0),
(1076, 226, 1, 2, 0),
(1077, 226, 18, 2, 0),
(1078, 226, 10, 1, 0),
(1079, 226, 13, 1, 0),
(1080, 226, 13, 1, 0),
(1081, 226, 1, 2, 0),
(1082, 226, 18, 1, 0),
(1083, 227, 10, 1, 0),
(1084, 227, 17, 3, 0),
(1085, 227, 1, 2, 0),
(1086, 227, 18, 2, 0),
(1087, 227, 10, 1, 0),
(1088, 227, 13, 1, 0),
(1089, 227, 13, 1, 0),
(1090, 227, 1, 2, 0),
(1091, 227, 18, 1, 0),
(1092, 228, 10, 1, 0),
(1093, 228, 17, 3, 0),
(1094, 228, 1, 2, 0),
(1095, 228, 18, 2, 0),
(1096, 228, 10, 1, 0),
(1097, 228, 13, 1, 0),
(1098, 228, 13, 1, 0),
(1099, 228, 1, 2, 0),
(1100, 228, 18, 1, 0),
(1101, 229, 10, 1, 0),
(1102, 229, 17, 3, 0),
(1103, 229, 1, 2, 0),
(1104, 229, 18, 2, 0),
(1105, 229, 10, 1, 0),
(1106, 229, 13, 1, 0),
(1107, 229, 13, 1, 0),
(1108, 229, 1, 2, 0),
(1109, 229, 18, 1, 0),
(1110, 230, 10, 1, 0),
(1111, 230, 17, 3, 0),
(1112, 230, 1, 2, 0),
(1113, 230, 18, 2, 0),
(1114, 230, 10, 1, 0),
(1115, 230, 13, 1, 0),
(1116, 230, 13, 1, 0),
(1117, 230, 1, 2, 0),
(1118, 230, 18, 1, 0),
(1119, 231, 10, 1, 0),
(1120, 231, 17, 3, 0),
(1121, 231, 1, 2, 0),
(1122, 231, 18, 2, 0),
(1123, 231, 10, 1, 0),
(1124, 231, 13, 1, 0),
(1125, 231, 13, 1, 0),
(1126, 231, 1, 2, 0),
(1127, 231, 18, 1, 0),
(1128, 232, 10, 1, 0),
(1129, 232, 17, 3, 0),
(1130, 232, 1, 2, 0),
(1131, 232, 18, 2, 0),
(1132, 232, 10, 1, 0),
(1133, 232, 13, 1, 0),
(1134, 232, 13, 1, 0),
(1135, 232, 1, 2, 0),
(1136, 232, 18, 1, 0),
(1137, 233, 10, 1, 0),
(1138, 233, 17, 3, 0),
(1139, 233, 1, 2, 0),
(1140, 233, 18, 2, 0),
(1141, 233, 10, 1, 0),
(1142, 233, 13, 1, 0),
(1143, 233, 13, 1, 0),
(1144, 233, 1, 2, 0),
(1145, 233, 18, 1, 0),
(1146, 234, 10, 1, 0),
(1147, 234, 17, 3, 0),
(1148, 234, 1, 2, 0),
(1149, 234, 18, 2, 0),
(1150, 234, 10, 1, 0),
(1151, 234, 13, 1, 0),
(1152, 234, 13, 1, 0),
(1153, 234, 1, 2, 0),
(1154, 234, 18, 1, 0),
(1155, 235, 10, 1, 0),
(1156, 235, 17, 3, 0),
(1157, 235, 1, 2, 0),
(1158, 235, 18, 2, 0),
(1159, 235, 10, 1, 0),
(1160, 235, 13, 1, 0),
(1161, 235, 13, 1, 0),
(1162, 235, 1, 2, 0),
(1163, 235, 18, 1, 0),
(1164, 236, 10, 1, 0),
(1165, 236, 17, 3, 0),
(1166, 236, 1, 2, 0),
(1167, 236, 18, 2, 0),
(1168, 236, 10, 1, 0),
(1169, 236, 13, 1, 0),
(1170, 236, 13, 1, 0),
(1171, 236, 1, 2, 0),
(1172, 236, 18, 1, 0),
(1173, 237, 10, 1, 0),
(1174, 237, 17, 3, 0),
(1175, 237, 1, 2, 0),
(1176, 237, 18, 2, 0),
(1177, 237, 10, 1, 0),
(1178, 237, 13, 1, 0),
(1179, 237, 13, 1, 0),
(1180, 237, 1, 2, 0),
(1181, 237, 18, 1, 0),
(1182, 238, 10, 1, 0),
(1183, 238, 17, 3, 0),
(1184, 238, 1, 2, 0),
(1185, 238, 18, 2, 0),
(1186, 238, 10, 1, 0),
(1187, 238, 13, 1, 0),
(1188, 238, 13, 1, 0),
(1189, 238, 1, 2, 0),
(1190, 238, 18, 1, 0),
(1191, 239, 10, 1, 0),
(1192, 239, 17, 3, 0),
(1193, 239, 1, 2, 0),
(1194, 239, 18, 2, 0),
(1195, 239, 10, 1, 0),
(1196, 239, 13, 1, 0),
(1197, 239, 13, 1, 0),
(1198, 239, 1, 2, 0),
(1199, 239, 18, 1, 0),
(1200, 240, 10, 1, 0),
(1201, 240, 17, 3, 0),
(1202, 240, 1, 2, 0),
(1203, 240, 18, 2, 0),
(1204, 240, 10, 1, 0),
(1205, 240, 13, 1, 0),
(1206, 240, 13, 1, 0),
(1207, 240, 1, 2, 0),
(1208, 240, 18, 1, 0),
(1209, 241, 10, 1, 0),
(1210, 241, 17, 3, 0),
(1211, 241, 1, 2, 0),
(1212, 241, 18, 2, 0),
(1213, 241, 10, 1, 0),
(1214, 241, 13, 1, 0),
(1215, 241, 13, 1, 0),
(1216, 241, 1, 2, 0),
(1217, 241, 18, 1, 0),
(1218, 242, 10, 1, 0),
(1219, 242, 17, 3, 0),
(1220, 242, 1, 2, 0),
(1221, 242, 18, 2, 0),
(1222, 242, 10, 1, 0),
(1223, 242, 13, 1, 0),
(1224, 242, 13, 1, 0),
(1225, 242, 1, 2, 0),
(1226, 242, 18, 1, 0),
(1227, 243, 10, 1, 0),
(1228, 243, 17, 3, 0),
(1229, 243, 1, 2, 0),
(1230, 243, 18, 2, 0),
(1231, 243, 10, 1, 0),
(1232, 243, 13, 1, 0),
(1233, 243, 13, 1, 0),
(1234, 243, 1, 2, 0),
(1235, 243, 18, 1, 0),
(1236, 244, 10, 1, 0),
(1237, 244, 17, 3, 0),
(1238, 244, 1, 2, 0),
(1239, 244, 18, 2, 0),
(1240, 244, 10, 1, 0),
(1241, 244, 13, 1, 0),
(1242, 244, 13, 1, 0),
(1243, 244, 1, 2, 0),
(1244, 244, 18, 1, 0),
(1245, 245, 10, 1, 0),
(1246, 245, 17, 3, 0),
(1247, 245, 1, 2, 0),
(1248, 245, 18, 2, 0),
(1249, 245, 10, 1, 0),
(1250, 245, 13, 1, 0),
(1251, 245, 13, 1, 0),
(1252, 245, 1, 2, 0),
(1253, 245, 18, 1, 0),
(1254, 246, 10, 1, 0),
(1255, 246, 17, 3, 0),
(1256, 246, 1, 2, 0),
(1257, 246, 18, 2, 0),
(1258, 246, 10, 1, 0),
(1259, 246, 13, 1, 0),
(1260, 246, 13, 1, 0),
(1261, 246, 1, 2, 0),
(1262, 246, 18, 1, 0),
(1263, 247, 10, 1, 0),
(1264, 247, 17, 3, 0),
(1265, 247, 1, 2, 0),
(1266, 247, 18, 2, 0),
(1267, 247, 10, 1, 0),
(1268, 247, 13, 1, 0),
(1269, 247, 13, 1, 0),
(1270, 247, 1, 2, 0),
(1271, 247, 18, 1, 0),
(1272, 248, 10, 1, 0),
(1273, 248, 17, 3, 0),
(1274, 248, 1, 2, 0),
(1275, 248, 18, 2, 0),
(1276, 248, 10, 1, 0),
(1277, 248, 13, 1, 0),
(1278, 248, 13, 1, 0),
(1279, 248, 1, 2, 0),
(1280, 248, 18, 1, 0),
(1281, 249, 10, 1, 0),
(1282, 249, 17, 3, 0),
(1283, 249, 1, 2, 0),
(1284, 249, 18, 2, 0),
(1285, 249, 10, 1, 0),
(1286, 249, 13, 1, 0),
(1287, 249, 13, 1, 0),
(1288, 249, 1, 2, 0),
(1289, 249, 18, 1, 0),
(1290, 250, 10, 1, 0),
(1291, 250, 17, 3, 0),
(1292, 250, 1, 2, 0),
(1293, 250, 18, 2, 0),
(1294, 250, 10, 1, 0),
(1295, 250, 13, 1, 0),
(1296, 250, 13, 1, 0),
(1297, 250, 1, 2, 0),
(1298, 250, 18, 1, 0),
(1299, 251, 10, 1, 0),
(1300, 251, 17, 3, 0),
(1301, 251, 1, 2, 0),
(1302, 251, 18, 2, 0),
(1303, 251, 10, 1, 0),
(1304, 251, 13, 1, 0),
(1305, 251, 13, 1, 0),
(1306, 251, 1, 2, 0),
(1307, 251, 18, 1, 0),
(1308, 252, 10, 1, 0),
(1309, 252, 17, 3, 0),
(1310, 252, 1, 2, 0),
(1311, 252, 18, 2, 0),
(1312, 252, 10, 1, 0),
(1313, 252, 13, 1, 0),
(1314, 252, 13, 1, 0),
(1315, 252, 1, 2, 0),
(1316, 252, 18, 1, 0),
(1317, 253, 10, 1, 0),
(1318, 253, 17, 3, 0),
(1319, 253, 1, 2, 0),
(1320, 253, 18, 2, 0),
(1321, 253, 10, 1, 0),
(1322, 253, 13, 1, 0),
(1323, 253, 13, 1, 0),
(1324, 253, 1, 2, 0),
(1325, 253, 18, 1, 0),
(1326, 254, 10, 1, 0),
(1327, 254, 17, 3, 0),
(1328, 254, 1, 2, 0),
(1329, 254, 18, 2, 0),
(1330, 254, 10, 1, 0),
(1331, 254, 13, 1, 0),
(1332, 254, 13, 1, 0),
(1333, 254, 1, 2, 0),
(1334, 254, 18, 1, 0),
(1335, 255, 10, 1, 0),
(1336, 255, 17, 3, 0),
(1337, 255, 1, 2, 0),
(1338, 255, 18, 2, 0),
(1339, 255, 10, 1, 0),
(1340, 255, 13, 1, 0),
(1341, 255, 13, 1, 0),
(1342, 255, 1, 2, 0),
(1343, 255, 18, 1, 0),
(1344, 256, 10, 1, 0),
(1345, 256, 17, 3, 0),
(1346, 256, 1, 2, 0),
(1347, 256, 18, 2, 0),
(1348, 256, 10, 1, 0),
(1349, 256, 13, 1, 0),
(1350, 256, 13, 1, 0),
(1351, 256, 1, 2, 0),
(1352, 256, 18, 1, 0),
(1353, 257, 10, 1, 0),
(1354, 257, 17, 3, 0),
(1355, 257, 1, 2, 0),
(1356, 257, 18, 2, 0),
(1357, 257, 10, 1, 0),
(1358, 257, 13, 1, 0),
(1359, 257, 13, 1, 0),
(1360, 257, 1, 2, 0),
(1361, 257, 18, 1, 0),
(1362, 258, 10, 1, 0),
(1363, 258, 17, 3, 0),
(1364, 258, 1, 2, 0),
(1365, 258, 18, 2, 0),
(1366, 258, 10, 1, 0),
(1367, 258, 13, 1, 0),
(1368, 258, 13, 1, 0),
(1369, 258, 1, 2, 0),
(1370, 258, 18, 1, 0),
(1371, 259, 10, 1, 0),
(1372, 259, 17, 3, 0),
(1373, 259, 1, 2, 0),
(1374, 259, 18, 2, 0),
(1375, 259, 10, 1, 0),
(1376, 259, 13, 1, 0),
(1377, 259, 13, 1, 0),
(1378, 259, 1, 2, 0),
(1379, 259, 18, 1, 0),
(1380, 260, 10, 1, 0),
(1381, 260, 17, 3, 0),
(1382, 260, 1, 2, 0),
(1383, 260, 18, 2, 0),
(1384, 260, 10, 1, 0),
(1385, 260, 13, 1, 0),
(1386, 260, 13, 1, 0),
(1387, 260, 1, 2, 0),
(1388, 260, 18, 1, 0),
(1389, 261, 10, 1, 0),
(1390, 261, 17, 3, 0),
(1391, 261, 1, 2, 0),
(1392, 261, 18, 2, 0),
(1393, 261, 10, 1, 0),
(1394, 261, 13, 1, 0),
(1395, 261, 13, 1, 0),
(1396, 261, 1, 2, 0),
(1397, 261, 18, 1, 0),
(1398, 262, 10, 1, 0),
(1399, 262, 17, 3, 0),
(1400, 262, 1, 2, 0),
(1401, 262, 18, 2, 0),
(1402, 262, 10, 1, 0),
(1403, 262, 13, 1, 0),
(1404, 262, 13, 1, 0),
(1405, 262, 1, 2, 0),
(1406, 262, 18, 1, 0),
(1407, 263, 10, 1, 0),
(1408, 263, 17, 3, 0),
(1409, 263, 1, 2, 0),
(1410, 263, 18, 2, 0),
(1411, 263, 10, 1, 0),
(1412, 263, 13, 1, 0),
(1413, 263, 13, 1, 0),
(1414, 263, 1, 2, 0),
(1415, 263, 18, 1, 0),
(1416, 264, 10, 1, 0),
(1417, 264, 17, 3, 0),
(1418, 264, 1, 2, 0),
(1419, 264, 18, 2, 0),
(1420, 264, 10, 1, 0),
(1421, 264, 13, 1, 0),
(1422, 264, 13, 1, 0),
(1423, 264, 1, 2, 0),
(1424, 264, 18, 1, 0),
(1425, 265, 10, 1, 0),
(1426, 265, 17, 3, 0),
(1427, 265, 1, 2, 0),
(1428, 265, 18, 2, 0),
(1429, 265, 10, 1, 0),
(1430, 265, 13, 1, 0),
(1431, 265, 13, 1, 0),
(1432, 265, 1, 2, 0),
(1433, 265, 18, 1, 0),
(1434, 266, 10, 1, 0),
(1435, 266, 17, 3, 0),
(1436, 266, 1, 2, 0),
(1437, 266, 18, 2, 0),
(1438, 266, 10, 1, 0),
(1439, 266, 13, 1, 0),
(1440, 266, 13, 1, 0),
(1441, 266, 1, 2, 0),
(1442, 266, 18, 1, 0),
(1443, 267, 10, 1, 0),
(1444, 267, 17, 3, 0),
(1445, 267, 1, 2, 0),
(1446, 267, 18, 2, 0),
(1447, 267, 10, 1, 0),
(1448, 267, 13, 1, 0),
(1449, 267, 13, 1, 0),
(1450, 267, 1, 2, 0),
(1451, 267, 18, 1, 0),
(1452, 268, 10, 1, 0),
(1453, 268, 17, 3, 0),
(1454, 268, 1, 2, 0),
(1455, 268, 18, 2, 0),
(1456, 268, 10, 1, 0),
(1457, 268, 13, 1, 0),
(1458, 268, 13, 1, 0),
(1459, 268, 1, 2, 0),
(1460, 268, 18, 1, 0),
(1461, 269, 10, 1, 0),
(1462, 269, 17, 3, 0),
(1463, 269, 1, 2, 0),
(1464, 269, 18, 2, 0),
(1465, 269, 10, 1, 0),
(1466, 269, 13, 1, 0),
(1467, 269, 13, 1, 0),
(1468, 269, 1, 2, 0),
(1469, 269, 18, 1, 0),
(1470, 270, 10, 1, 0),
(1471, 270, 17, 3, 0),
(1472, 270, 1, 2, 0),
(1473, 270, 18, 2, 0),
(1474, 270, 10, 1, 0),
(1475, 270, 13, 1, 0),
(1476, 270, 13, 1, 0),
(1477, 270, 1, 2, 0),
(1478, 270, 18, 1, 0),
(1479, 271, 10, 1, 0),
(1480, 271, 17, 3, 0),
(1481, 271, 1, 2, 0),
(1482, 271, 18, 2, 0),
(1483, 271, 10, 1, 0),
(1484, 271, 13, 1, 0),
(1485, 271, 13, 1, 0),
(1486, 271, 1, 2, 0),
(1487, 271, 18, 1, 0),
(1488, 272, 10, 1, 0),
(1489, 272, 17, 3, 0),
(1490, 272, 1, 2, 0),
(1491, 272, 18, 2, 0),
(1492, 272, 10, 1, 0),
(1493, 272, 13, 1, 0),
(1494, 272, 13, 1, 0),
(1495, 272, 1, 2, 0),
(1496, 272, 18, 1, 0),
(1497, 273, 10, 1, 0),
(1498, 273, 17, 3, 0),
(1499, 273, 1, 2, 0),
(1500, 273, 18, 2, 0),
(1501, 273, 10, 1, 0),
(1502, 273, 13, 1, 0),
(1503, 273, 13, 1, 0),
(1504, 273, 1, 2, 0),
(1505, 273, 18, 1, 0),
(1506, 274, 10, 1, 0),
(1507, 274, 17, 3, 0),
(1508, 274, 1, 2, 0),
(1509, 274, 18, 2, 0),
(1510, 274, 10, 1, 0),
(1511, 274, 13, 1, 0),
(1512, 274, 13, 1, 0),
(1513, 274, 1, 2, 0),
(1514, 274, 18, 1, 0),
(1515, 275, 10, 1, 0),
(1516, 275, 17, 3, 0),
(1517, 275, 1, 2, 0),
(1518, 275, 18, 2, 0),
(1519, 275, 10, 1, 0),
(1520, 275, 13, 1, 0),
(1521, 275, 13, 1, 0),
(1522, 275, 1, 2, 0),
(1523, 275, 18, 1, 0),
(1524, 276, 10, 1, 0),
(1525, 276, 17, 3, 0),
(1526, 276, 1, 2, 0),
(1527, 276, 18, 2, 0),
(1528, 276, 10, 1, 0),
(1529, 276, 13, 1, 0),
(1530, 276, 13, 1, 0),
(1531, 276, 1, 2, 0),
(1532, 276, 18, 1, 0),
(1533, 277, 10, 1, 0),
(1534, 277, 17, 3, 0),
(1535, 277, 1, 2, 0),
(1536, 277, 18, 2, 0),
(1537, 277, 10, 1, 0),
(1538, 277, 13, 1, 0),
(1539, 277, 13, 1, 0),
(1540, 277, 1, 2, 0),
(1541, 277, 18, 1, 0),
(1542, 278, 10, 1, 0),
(1543, 278, 17, 3, 0),
(1544, 278, 1, 2, 0),
(1545, 278, 18, 2, 0),
(1546, 278, 10, 1, 0),
(1547, 278, 13, 1, 0),
(1548, 278, 13, 1, 0),
(1549, 278, 1, 2, 0),
(1550, 278, 18, 1, 0),
(1551, 279, 10, 1, 0),
(1552, 279, 17, 3, 0),
(1553, 279, 1, 2, 0),
(1554, 279, 18, 2, 0),
(1555, 279, 10, 1, 0),
(1556, 279, 13, 1, 0),
(1557, 279, 13, 1, 0),
(1558, 279, 1, 2, 0),
(1559, 279, 18, 1, 0),
(1560, 280, 10, 1, 0),
(1561, 280, 17, 3, 0),
(1562, 280, 1, 2, 0),
(1563, 280, 18, 2, 0),
(1564, 280, 10, 1, 0),
(1565, 280, 13, 1, 0),
(1566, 280, 13, 1, 0),
(1567, 280, 1, 2, 0),
(1568, 280, 18, 1, 0),
(1569, 281, 10, 1, 0),
(1570, 281, 17, 3, 0),
(1571, 281, 1, 2, 0),
(1572, 281, 18, 2, 0),
(1573, 281, 10, 1, 0),
(1574, 281, 13, 1, 0),
(1575, 281, 13, 1, 0),
(1576, 281, 1, 2, 0),
(1577, 281, 18, 1, 0),
(1578, 282, 10, 1, 0),
(1579, 282, 17, 3, 0),
(1580, 282, 1, 2, 0),
(1581, 282, 18, 2, 0),
(1582, 282, 10, 1, 0),
(1583, 282, 13, 1, 0),
(1584, 282, 13, 1, 0),
(1585, 282, 1, 2, 0),
(1586, 282, 18, 1, 0),
(1587, 283, 10, 1, 0),
(1588, 283, 17, 3, 0),
(1589, 283, 1, 2, 0),
(1590, 283, 18, 2, 0),
(1591, 283, 10, 1, 0),
(1592, 283, 13, 1, 0),
(1593, 283, 13, 1, 0),
(1594, 283, 1, 2, 0),
(1595, 283, 18, 1, 0),
(1596, 284, 10, 1, 0),
(1597, 284, 17, 3, 0),
(1598, 284, 1, 2, 0),
(1599, 284, 18, 2, 0),
(1600, 284, 10, 1, 0),
(1601, 284, 13, 1, 0),
(1602, 284, 13, 1, 0),
(1603, 284, 1, 2, 0),
(1604, 284, 18, 1, 0),
(1605, 285, 10, 1, 0),
(1606, 285, 17, 3, 0),
(1607, 285, 1, 2, 0),
(1608, 285, 18, 2, 0),
(1609, 285, 10, 1, 0),
(1610, 285, 13, 1, 0),
(1611, 285, 13, 1, 0),
(1612, 285, 1, 2, 0),
(1613, 285, 18, 1, 0),
(1614, 286, 10, 1, 0),
(1615, 286, 17, 3, 0),
(1616, 286, 1, 2, 0),
(1617, 286, 18, 2, 0),
(1618, 286, 10, 1, 0),
(1619, 286, 13, 1, 0),
(1620, 286, 13, 1, 0),
(1621, 286, 1, 2, 0),
(1622, 286, 18, 1, 0),
(1623, 287, 10, 1, 0),
(1624, 287, 17, 3, 0),
(1625, 287, 1, 2, 0),
(1626, 287, 18, 2, 0),
(1627, 287, 10, 1, 0),
(1628, 287, 13, 1, 0),
(1629, 287, 13, 1, 0),
(1630, 287, 1, 2, 0),
(1631, 287, 18, 1, 0),
(1632, 288, 10, 1, 0),
(1633, 288, 17, 3, 0),
(1634, 288, 1, 2, 0),
(1635, 288, 18, 2, 0),
(1636, 288, 10, 1, 0),
(1637, 288, 13, 1, 0),
(1638, 288, 13, 1, 0),
(1639, 288, 1, 2, 0),
(1640, 288, 18, 1, 0),
(1641, 289, 10, 1, 0),
(1642, 289, 17, 3, 0),
(1643, 289, 1, 2, 0),
(1644, 289, 18, 2, 0),
(1645, 289, 10, 1, 0),
(1646, 289, 13, 1, 0),
(1647, 289, 13, 1, 0),
(1648, 289, 1, 2, 0),
(1649, 289, 18, 1, 0),
(1650, 290, 10, 1, 0),
(1651, 290, 17, 3, 0),
(1652, 290, 1, 2, 0),
(1653, 290, 18, 2, 0),
(1654, 290, 10, 1, 0),
(1655, 290, 13, 1, 0),
(1656, 290, 13, 1, 0),
(1657, 290, 1, 2, 0),
(1658, 290, 18, 1, 0),
(1659, 291, 10, 1, 0),
(1660, 291, 17, 3, 0),
(1661, 291, 1, 2, 0),
(1662, 291, 18, 2, 0),
(1663, 291, 10, 1, 0),
(1664, 291, 13, 1, 0),
(1665, 291, 13, 1, 0),
(1666, 291, 1, 2, 0),
(1667, 291, 18, 1, 0),
(1668, 292, 10, 1, 0),
(1669, 292, 17, 3, 0),
(1670, 292, 1, 2, 0),
(1671, 292, 18, 2, 0),
(1672, 292, 10, 1, 0),
(1673, 292, 13, 1, 0),
(1674, 292, 13, 1, 0),
(1675, 292, 1, 2, 0),
(1676, 292, 18, 1, 0),
(1677, 293, 10, 1, 0),
(1678, 293, 17, 3, 0),
(1679, 293, 1, 2, 0),
(1680, 293, 18, 2, 0),
(1681, 293, 10, 1, 0),
(1682, 293, 13, 1, 0),
(1683, 293, 13, 1, 0),
(1684, 293, 1, 2, 0),
(1685, 293, 18, 1, 0),
(1686, 294, 10, 1, 0),
(1687, 294, 17, 3, 0),
(1688, 294, 1, 2, 0),
(1689, 294, 18, 2, 0),
(1690, 294, 10, 1, 0),
(1691, 294, 13, 1, 0),
(1692, 294, 13, 1, 0),
(1693, 294, 1, 2, 0),
(1694, 294, 18, 1, 0),
(1695, 295, 10, 1, 0),
(1696, 295, 17, 3, 0),
(1697, 295, 1, 2, 0),
(1698, 295, 18, 2, 0),
(1699, 295, 10, 1, 0),
(1700, 295, 13, 1, 0),
(1701, 295, 13, 1, 0),
(1702, 295, 1, 2, 0),
(1703, 295, 18, 1, 0),
(1704, 296, 10, 1, 0),
(1705, 296, 17, 3, 0),
(1706, 296, 1, 2, 0),
(1707, 296, 18, 2, 0),
(1708, 296, 10, 1, 0),
(1709, 296, 13, 1, 0),
(1710, 296, 13, 1, 0),
(1711, 296, 1, 2, 0),
(1712, 296, 18, 1, 0),
(1713, 297, 10, 1, 0),
(1714, 297, 17, 3, 0),
(1715, 297, 1, 2, 0),
(1716, 297, 18, 2, 0),
(1717, 297, 10, 1, 0),
(1718, 297, 13, 1, 0),
(1719, 297, 13, 1, 0),
(1720, 297, 1, 2, 0),
(1721, 297, 18, 1, 0),
(1722, 298, 10, 1, 0),
(1723, 298, 17, 3, 0),
(1724, 298, 1, 2, 0),
(1725, 298, 18, 2, 0),
(1726, 298, 10, 1, 0),
(1727, 298, 13, 1, 0),
(1728, 298, 13, 1, 0),
(1729, 298, 1, 2, 0),
(1730, 298, 18, 1, 0),
(1731, 299, 10, 1, 0),
(1732, 299, 17, 3, 0),
(1733, 299, 1, 2, 0),
(1734, 299, 18, 2, 0),
(1735, 299, 10, 1, 0),
(1736, 299, 13, 1, 0),
(1737, 299, 13, 1, 0),
(1738, 299, 1, 2, 0),
(1739, 299, 18, 1, 0),
(1740, 300, 10, 1, 0),
(1741, 300, 17, 3, 0),
(1742, 300, 1, 2, 0),
(1743, 300, 18, 2, 0),
(1744, 300, 10, 1, 0),
(1745, 300, 13, 1, 0),
(1746, 300, 13, 1, 0),
(1747, 300, 1, 2, 0),
(1748, 300, 18, 1, 0),
(1749, 301, 10, 1, 0),
(1750, 301, 17, 3, 0),
(1751, 301, 1, 2, 0),
(1752, 301, 18, 2, 0),
(1753, 301, 10, 1, 0),
(1754, 301, 13, 1, 0),
(1755, 301, 13, 1, 0),
(1756, 301, 1, 2, 0),
(1757, 301, 18, 1, 0),
(1758, 302, 10, 1, 0),
(1759, 302, 17, 3, 0),
(1760, 302, 1, 2, 0),
(1761, 302, 18, 2, 0),
(1762, 302, 10, 1, 0),
(1763, 302, 13, 1, 0),
(1764, 302, 13, 1, 0),
(1765, 302, 1, 2, 0),
(1766, 302, 18, 1, 0),
(1767, 303, 10, 1, 0),
(1768, 303, 17, 3, 0),
(1769, 303, 1, 2, 0),
(1770, 303, 18, 2, 0),
(1771, 303, 10, 1, 0),
(1772, 303, 13, 1, 0),
(1773, 303, 13, 1, 0),
(1774, 303, 1, 2, 0),
(1775, 303, 18, 1, 0),
(1776, 304, 10, 1, 0),
(1777, 304, 17, 3, 0),
(1778, 304, 1, 2, 0),
(1779, 304, 18, 2, 0),
(1780, 304, 10, 1, 0),
(1781, 304, 13, 1, 0),
(1782, 304, 13, 1, 0),
(1783, 304, 1, 2, 0),
(1784, 304, 18, 1, 0),
(1785, 305, 10, 1, 0),
(1786, 305, 17, 3, 0),
(1787, 305, 1, 2, 0),
(1788, 305, 18, 2, 0),
(1789, 305, 10, 1, 0),
(1790, 305, 13, 1, 0),
(1791, 305, 13, 1, 0),
(1792, 305, 1, 2, 0),
(1793, 305, 18, 1, 0),
(1794, 306, 10, 1, 0),
(1795, 306, 17, 3, 0),
(1796, 306, 1, 2, 0),
(1797, 306, 18, 2, 0),
(1798, 306, 10, 1, 0),
(1799, 306, 13, 1, 0),
(1800, 306, 13, 1, 0),
(1801, 306, 1, 2, 0),
(1802, 306, 18, 1, 0),
(1803, 307, 10, 1, 0),
(1804, 307, 17, 3, 0),
(1805, 307, 1, 2, 0),
(1806, 307, 18, 2, 0),
(1807, 307, 10, 1, 0),
(1808, 307, 13, 1, 0),
(1809, 307, 13, 1, 0),
(1810, 307, 1, 2, 0),
(1811, 307, 18, 1, 0),
(1812, 308, 10, 1, 0),
(1813, 308, 17, 3, 0),
(1814, 308, 1, 2, 0),
(1815, 308, 18, 2, 0),
(1816, 308, 10, 1, 0),
(1817, 308, 13, 1, 0),
(1818, 308, 13, 1, 0),
(1819, 308, 1, 2, 0),
(1820, 308, 18, 1, 0),
(1821, 309, 10, 1, 0),
(1822, 309, 17, 3, 0),
(1823, 309, 1, 2, 0),
(1824, 309, 18, 2, 0),
(1825, 309, 10, 1, 0),
(1826, 309, 13, 1, 0),
(1827, 309, 13, 1, 0),
(1828, 309, 1, 2, 0),
(1829, 309, 18, 1, 0),
(1830, 310, 10, 1, 0),
(1831, 310, 17, 3, 0),
(1832, 310, 1, 2, 0),
(1833, 310, 18, 2, 0),
(1834, 310, 10, 1, 0),
(1835, 310, 13, 1, 0),
(1836, 310, 13, 1, 0),
(1837, 310, 1, 2, 0),
(1838, 310, 18, 1, 0),
(1839, 311, 10, 1, 0),
(1840, 311, 17, 3, 0),
(1841, 311, 1, 2, 0),
(1842, 311, 18, 2, 0),
(1843, 311, 10, 1, 0),
(1844, 311, 13, 1, 0),
(1845, 311, 13, 1, 0),
(1846, 311, 1, 2, 0),
(1847, 311, 18, 1, 0),
(1848, 312, 10, 1, 0),
(1849, 312, 17, 3, 0),
(1850, 312, 1, 2, 0),
(1851, 312, 18, 2, 0),
(1852, 312, 10, 1, 0),
(1853, 312, 13, 1, 0),
(1854, 312, 13, 1, 0),
(1855, 312, 1, 2, 0),
(1856, 312, 18, 1, 0),
(1857, 313, 10, 1, 0),
(1858, 313, 17, 3, 0),
(1859, 313, 1, 2, 0),
(1860, 313, 18, 2, 0),
(1861, 313, 10, 1, 0),
(1862, 313, 13, 1, 0),
(1863, 313, 13, 1, 0),
(1864, 313, 1, 2, 0),
(1865, 313, 18, 1, 0),
(1866, 314, 10, 1, 0),
(1867, 314, 17, 3, 0),
(1868, 314, 1, 2, 0),
(1869, 314, 18, 2, 0),
(1870, 314, 10, 1, 0),
(1871, 314, 13, 1, 0),
(1872, 314, 13, 1, 0),
(1873, 314, 1, 2, 0),
(1874, 314, 18, 1, 0),
(1875, 315, 10, 1, 0),
(1876, 315, 17, 3, 0),
(1877, 315, 1, 2, 0),
(1878, 315, 18, 2, 0),
(1879, 315, 10, 1, 0),
(1880, 315, 13, 1, 0),
(1881, 315, 13, 1, 0),
(1882, 315, 1, 2, 0),
(1883, 315, 18, 1, 0),
(1884, 316, 10, 1, 0),
(1885, 316, 17, 3, 0),
(1886, 316, 1, 2, 0),
(1887, 316, 18, 2, 0),
(1888, 316, 10, 1, 0),
(1889, 316, 13, 1, 0),
(1890, 316, 13, 1, 0),
(1891, 316, 1, 2, 0),
(1892, 316, 18, 1, 0),
(1893, 317, 10, 1, 0),
(1894, 317, 17, 3, 0),
(1895, 317, 1, 2, 0),
(1896, 317, 18, 2, 0),
(1897, 317, 10, 1, 0),
(1898, 317, 13, 1, 0),
(1899, 317, 13, 1, 0),
(1900, 317, 1, 2, 0),
(1901, 317, 18, 1, 0),
(1902, 318, 10, 1, 0),
(1903, 318, 17, 3, 0),
(1904, 318, 1, 2, 0),
(1905, 318, 18, 2, 0),
(1906, 318, 10, 1, 0),
(1907, 318, 13, 1, 0),
(1908, 318, 13, 1, 0),
(1909, 318, 1, 2, 0),
(1910, 318, 18, 1, 0),
(1911, 319, 10, 1, 0),
(1912, 319, 17, 3, 0),
(1913, 319, 1, 2, 0),
(1914, 319, 18, 2, 0),
(1915, 319, 10, 1, 0),
(1916, 319, 13, 1, 0),
(1917, 319, 13, 1, 0),
(1918, 319, 1, 2, 0),
(1919, 319, 18, 1, 0),
(1920, 320, 10, 1, 0),
(1921, 320, 17, 3, 0),
(1922, 320, 1, 2, 0),
(1923, 320, 18, 2, 0),
(1924, 320, 10, 1, 0),
(1925, 320, 13, 1, 0),
(1926, 320, 13, 1, 0),
(1927, 320, 1, 2, 0),
(1928, 320, 18, 1, 0),
(1929, 321, 10, 1, 0),
(1930, 321, 17, 3, 0),
(1931, 321, 1, 2, 0),
(1932, 321, 18, 2, 0),
(1933, 321, 10, 1, 0),
(1934, 321, 13, 1, 0),
(1935, 321, 13, 1, 0),
(1936, 321, 1, 2, 0),
(1937, 321, 18, 1, 0),
(1938, 322, 10, 1, 0),
(1939, 322, 17, 3, 0),
(1940, 322, 1, 2, 0),
(1941, 322, 18, 2, 0),
(1942, 322, 10, 1, 0),
(1943, 322, 13, 1, 0),
(1944, 322, 13, 1, 0),
(1945, 322, 1, 2, 0),
(1946, 322, 18, 1, 0),
(1947, 323, 10, 1, 0),
(1948, 323, 17, 3, 0),
(1949, 323, 1, 2, 0),
(1950, 323, 18, 2, 0),
(1951, 323, 10, 1, 0),
(1952, 323, 13, 1, 0),
(1953, 323, 13, 1, 0),
(1954, 323, 1, 2, 0),
(1955, 323, 18, 1, 0),
(1956, 324, 10, 1, 0),
(1957, 324, 17, 3, 0),
(1958, 324, 1, 2, 0),
(1959, 324, 18, 2, 0),
(1960, 324, 10, 1, 0),
(1961, 324, 13, 1, 0),
(1962, 324, 13, 1, 0),
(1963, 324, 1, 2, 0),
(1964, 324, 18, 1, 0),
(1965, 325, 10, 1, 0),
(1966, 325, 17, 3, 0),
(1967, 325, 1, 2, 0),
(1968, 325, 18, 2, 0),
(1969, 325, 10, 1, 0),
(1970, 325, 13, 1, 0),
(1971, 325, 13, 1, 0),
(1972, 325, 1, 2, 0),
(1973, 325, 18, 1, 0),
(1974, 326, 10, 1, 0),
(1975, 326, 17, 3, 0),
(1976, 326, 1, 2, 0),
(1977, 326, 18, 2, 0),
(1978, 326, 10, 1, 0),
(1979, 326, 13, 1, 0),
(1980, 326, 13, 1, 0),
(1981, 326, 1, 2, 0),
(1982, 326, 18, 1, 0),
(1983, 327, 10, 1, 0),
(1984, 327, 17, 3, 0),
(1985, 327, 1, 2, 0),
(1986, 327, 18, 2, 0),
(1987, 327, 10, 1, 0),
(1988, 327, 13, 1, 0),
(1989, 327, 13, 1, 0),
(1990, 327, 1, 2, 0),
(1991, 327, 18, 1, 0),
(1992, 328, 10, 1, 0),
(1993, 328, 17, 3, 0),
(1994, 328, 1, 2, 0),
(1995, 328, 18, 2, 0),
(1996, 328, 10, 1, 0),
(1997, 328, 13, 1, 0),
(1998, 328, 13, 1, 0),
(1999, 328, 1, 2, 0),
(2000, 328, 18, 1, 0),
(2001, 329, 10, 1, 0),
(2002, 329, 17, 3, 0),
(2003, 329, 1, 2, 0),
(2004, 329, 18, 2, 0),
(2005, 329, 10, 1, 0),
(2006, 329, 13, 1, 0),
(2007, 329, 13, 1, 0),
(2008, 329, 1, 2, 0),
(2009, 329, 18, 1, 0),
(2010, 330, 10, 1, 0),
(2011, 330, 17, 3, 0),
(2012, 330, 1, 2, 0),
(2013, 330, 18, 2, 0),
(2014, 330, 10, 1, 0),
(2015, 330, 13, 1, 0),
(2016, 330, 13, 1, 0),
(2017, 330, 1, 2, 0),
(2018, 330, 18, 1, 0),
(2019, 331, 10, 1, 0),
(2020, 331, 17, 3, 0),
(2021, 331, 1, 2, 0),
(2022, 331, 18, 2, 0),
(2023, 331, 10, 1, 0),
(2024, 331, 13, 1, 0),
(2025, 331, 13, 1, 0),
(2026, 331, 1, 2, 0),
(2027, 331, 18, 1, 0),
(2028, 332, 10, 1, 0),
(2029, 332, 17, 3, 0),
(2030, 332, 1, 2, 0),
(2031, 332, 18, 2, 0),
(2032, 332, 10, 1, 0),
(2033, 332, 13, 1, 0),
(2034, 332, 13, 1, 0),
(2035, 332, 1, 2, 0),
(2036, 332, 18, 1, 0),
(2037, 333, 10, 1, 0),
(2038, 333, 17, 3, 0),
(2039, 333, 1, 2, 0),
(2040, 333, 18, 2, 0),
(2041, 333, 10, 1, 0),
(2042, 333, 13, 1, 0),
(2043, 333, 13, 1, 0),
(2044, 333, 1, 2, 0),
(2045, 333, 18, 1, 0),
(2046, 334, 10, 1, 0),
(2047, 334, 17, 3, 0),
(2048, 334, 1, 2, 0),
(2049, 334, 18, 2, 0),
(2050, 334, 10, 1, 0),
(2051, 334, 13, 1, 0),
(2052, 334, 13, 1, 0),
(2053, 334, 1, 2, 0),
(2054, 334, 18, 1, 0),
(2055, 335, 10, 1, 0),
(2056, 335, 17, 3, 0),
(2057, 335, 1, 2, 0),
(2058, 335, 18, 2, 0),
(2059, 335, 10, 1, 0),
(2060, 335, 13, 1, 0),
(2061, 335, 13, 1, 0),
(2062, 335, 1, 2, 0),
(2063, 335, 18, 1, 0),
(2064, 336, 10, 1, 0),
(2065, 336, 17, 3, 0),
(2066, 336, 1, 2, 0),
(2067, 336, 18, 2, 0),
(2068, 336, 10, 1, 0),
(2069, 336, 13, 1, 0),
(2070, 336, 13, 1, 0),
(2071, 336, 1, 2, 0),
(2072, 336, 18, 1, 0),
(2073, 337, 10, 1, 0),
(2074, 337, 17, 3, 0),
(2075, 337, 1, 2, 0),
(2076, 337, 18, 2, 0),
(2077, 337, 10, 1, 0),
(2078, 337, 13, 1, 0),
(2079, 337, 13, 1, 0),
(2080, 337, 1, 2, 0),
(2081, 337, 18, 1, 0),
(2082, 338, 10, 1, 0),
(2083, 338, 17, 3, 0),
(2084, 338, 1, 2, 0),
(2085, 338, 18, 2, 0),
(2086, 338, 10, 1, 0),
(2087, 338, 13, 1, 0),
(2088, 338, 13, 1, 0),
(2089, 338, 1, 2, 0),
(2090, 338, 18, 1, 0),
(2091, 339, 10, 1, 0),
(2092, 339, 17, 3, 0),
(2093, 339, 1, 2, 0),
(2094, 339, 18, 2, 0),
(2095, 339, 10, 1, 0),
(2096, 339, 13, 1, 0),
(2097, 339, 13, 1, 0),
(2098, 339, 1, 2, 0),
(2099, 339, 18, 1, 0),
(2100, 340, 10, 1, 0),
(2101, 340, 17, 3, 0),
(2102, 340, 1, 2, 0),
(2103, 340, 18, 2, 0),
(2104, 340, 10, 1, 0),
(2105, 340, 13, 1, 0),
(2106, 340, 13, 1, 0),
(2107, 340, 1, 2, 0),
(2108, 340, 18, 1, 0),
(2109, 341, 10, 1, 0),
(2110, 341, 17, 3, 0),
(2111, 341, 1, 2, 0),
(2112, 341, 18, 2, 0),
(2113, 341, 10, 1, 0),
(2114, 341, 13, 1, 0),
(2115, 341, 13, 1, 0),
(2116, 341, 1, 2, 0),
(2117, 341, 18, 1, 0),
(2118, 342, 10, 1, 0),
(2119, 342, 17, 3, 0),
(2120, 342, 1, 2, 0),
(2121, 342, 18, 2, 0),
(2122, 342, 10, 1, 0),
(2123, 342, 13, 1, 0),
(2124, 342, 13, 1, 0),
(2125, 342, 1, 2, 0),
(2126, 342, 18, 1, 0),
(2127, 343, 10, 1, 0),
(2128, 343, 17, 3, 0),
(2129, 343, 1, 2, 0),
(2130, 343, 18, 2, 0),
(2131, 343, 10, 1, 0),
(2132, 343, 13, 1, 0),
(2133, 343, 13, 1, 0),
(2134, 343, 1, 2, 0),
(2135, 343, 18, 1, 0),
(2136, 344, 10, 1, 0),
(2137, 344, 17, 3, 0),
(2138, 344, 1, 2, 0),
(2139, 344, 18, 2, 0),
(2140, 344, 10, 1, 0),
(2141, 344, 13, 1, 0),
(2142, 344, 13, 1, 0),
(2143, 344, 1, 2, 0),
(2144, 344, 18, 1, 0),
(2145, 345, 10, 1, 0),
(2146, 345, 17, 3, 0),
(2147, 345, 1, 2, 0),
(2148, 345, 18, 2, 0),
(2149, 345, 10, 1, 0),
(2150, 345, 13, 1, 0),
(2151, 345, 13, 1, 0),
(2152, 345, 1, 2, 0),
(2153, 345, 18, 1, 0),
(2154, 346, 10, 1, 0),
(2155, 346, 17, 3, 0),
(2156, 346, 1, 2, 0),
(2157, 346, 18, 2, 0),
(2158, 346, 10, 1, 0),
(2159, 346, 13, 1, 0),
(2160, 346, 13, 1, 0),
(2161, 346, 1, 2, 0),
(2162, 346, 18, 1, 0),
(2163, 347, 10, 1, 0),
(2164, 347, 17, 3, 0),
(2165, 347, 1, 2, 0),
(2166, 347, 18, 2, 0),
(2167, 347, 10, 1, 0),
(2168, 347, 13, 1, 0),
(2169, 347, 13, 1, 0),
(2170, 347, 1, 2, 0),
(2171, 347, 18, 1, 0),
(2172, 348, 10, 1, 0),
(2173, 348, 17, 3, 0),
(2174, 348, 1, 2, 0),
(2175, 348, 18, 2, 0),
(2176, 348, 10, 1, 0),
(2177, 348, 13, 1, 0),
(2178, 348, 13, 1, 0),
(2179, 348, 1, 2, 0),
(2180, 348, 18, 1, 0),
(2181, 349, 10, 1, 0),
(2182, 349, 17, 3, 0),
(2183, 349, 1, 2, 0),
(2184, 349, 18, 2, 0),
(2185, 349, 10, 1, 0),
(2186, 349, 13, 1, 0),
(2187, 349, 13, 1, 0),
(2188, 349, 1, 2, 0),
(2189, 349, 18, 1, 0),
(2190, 350, 10, 1, 0),
(2191, 350, 17, 3, 0),
(2192, 350, 1, 2, 0),
(2193, 350, 18, 2, 0),
(2194, 350, 10, 1, 0),
(2195, 350, 13, 1, 0),
(2196, 350, 13, 1, 0),
(2197, 350, 1, 2, 0),
(2198, 350, 18, 1, 0),
(2199, 351, 10, 1, 0),
(2200, 351, 17, 3, 0),
(2201, 351, 1, 2, 0),
(2202, 351, 18, 2, 0),
(2203, 351, 10, 1, 0),
(2204, 351, 13, 1, 0),
(2205, 351, 13, 1, 0),
(2206, 351, 1, 2, 0),
(2207, 351, 18, 1, 0),
(2208, 352, 10, 1, 0),
(2209, 352, 17, 3, 0),
(2210, 352, 1, 2, 0),
(2211, 352, 18, 2, 0),
(2212, 352, 10, 1, 0),
(2213, 352, 13, 1, 0),
(2214, 352, 13, 1, 0),
(2215, 352, 1, 2, 0),
(2216, 352, 18, 1, 0),
(2217, 353, 10, 1, 0),
(2218, 353, 17, 3, 0),
(2219, 353, 1, 2, 0),
(2220, 353, 18, 2, 0),
(2221, 353, 10, 1, 0),
(2222, 353, 13, 1, 0),
(2223, 353, 13, 1, 0),
(2224, 353, 1, 2, 0),
(2225, 353, 18, 1, 0),
(2226, 354, 10, 1, 0),
(2227, 354, 17, 3, 0),
(2228, 354, 1, 2, 0),
(2229, 354, 18, 2, 0),
(2230, 354, 10, 1, 0),
(2231, 354, 13, 1, 0),
(2232, 354, 13, 1, 0),
(2233, 354, 1, 2, 0),
(2234, 354, 18, 1, 0),
(2235, 355, 10, 1, 0),
(2236, 355, 17, 3, 0),
(2237, 355, 1, 2, 0),
(2238, 355, 18, 2, 0),
(2239, 355, 10, 1, 0),
(2240, 355, 13, 1, 0),
(2241, 355, 13, 1, 0),
(2242, 355, 1, 2, 0),
(2243, 355, 18, 1, 0),
(2244, 356, 10, 1, 0),
(2245, 356, 17, 3, 0),
(2246, 356, 1, 2, 0),
(2247, 356, 18, 2, 0),
(2248, 356, 10, 1, 0),
(2249, 356, 13, 1, 0),
(2250, 356, 13, 1, 0),
(2251, 356, 1, 2, 0),
(2252, 356, 18, 1, 0),
(2253, 357, 10, 1, 0),
(2254, 357, 17, 3, 0),
(2255, 357, 1, 2, 0),
(2256, 357, 18, 2, 0),
(2257, 357, 10, 1, 0),
(2258, 357, 13, 1, 0),
(2259, 357, 13, 1, 0),
(2260, 357, 1, 2, 0),
(2261, 357, 18, 1, 0),
(2262, 358, 10, 1, 0),
(2263, 358, 17, 3, 0),
(2264, 358, 1, 2, 0),
(2265, 358, 18, 2, 0),
(2266, 358, 10, 1, 0),
(2267, 358, 13, 1, 0),
(2268, 358, 13, 1, 0),
(2269, 358, 1, 2, 0),
(2270, 358, 18, 1, 0),
(2271, 359, 10, 1, 0),
(2272, 359, 17, 3, 0),
(2273, 359, 1, 2, 0),
(2274, 359, 18, 2, 0),
(2275, 359, 10, 1, 0),
(2276, 359, 13, 1, 0),
(2277, 359, 13, 1, 0),
(2278, 359, 1, 2, 0),
(2279, 359, 18, 1, 0),
(2280, 360, 10, 1, 0),
(2281, 360, 17, 3, 0),
(2282, 360, 1, 2, 0),
(2283, 360, 18, 2, 0),
(2284, 360, 10, 1, 0),
(2285, 360, 13, 1, 0),
(2286, 360, 13, 1, 0),
(2287, 360, 1, 2, 0),
(2288, 360, 18, 1, 0),
(2289, 361, 10, 1, 0),
(2290, 361, 17, 3, 0),
(2291, 361, 1, 2, 0),
(2292, 361, 18, 2, 0),
(2293, 361, 10, 1, 0),
(2294, 361, 13, 1, 0),
(2295, 361, 13, 1, 0),
(2296, 361, 1, 2, 0),
(2297, 361, 18, 1, 0),
(2298, 362, 10, 1, 0),
(2299, 362, 17, 3, 0),
(2300, 362, 1, 2, 0),
(2301, 362, 18, 2, 0),
(2302, 362, 10, 1, 0),
(2303, 362, 13, 1, 0),
(2304, 362, 13, 1, 0),
(2305, 362, 1, 2, 0),
(2306, 362, 18, 1, 0),
(2307, 363, 10, 1, 0),
(2308, 363, 17, 3, 0),
(2309, 363, 1, 2, 0),
(2310, 363, 18, 2, 0),
(2311, 363, 10, 1, 0),
(2312, 363, 13, 1, 0),
(2313, 363, 13, 1, 0),
(2314, 363, 1, 2, 0),
(2315, 363, 18, 1, 0),
(2316, 364, 10, 1, 0),
(2317, 364, 17, 3, 0),
(2318, 364, 1, 2, 0),
(2319, 364, 18, 2, 0),
(2320, 364, 10, 1, 0),
(2321, 364, 13, 1, 0),
(2322, 364, 13, 1, 0),
(2323, 364, 1, 2, 0),
(2324, 364, 18, 1, 0),
(2325, 365, 10, 1, 0),
(2326, 365, 17, 3, 0),
(2327, 365, 1, 2, 0),
(2328, 365, 18, 2, 0),
(2329, 365, 10, 1, 0),
(2330, 365, 13, 1, 0),
(2331, 365, 13, 1, 0),
(2332, 365, 1, 2, 0),
(2333, 365, 18, 1, 0),
(2334, 366, 10, 1, 0),
(2335, 366, 17, 3, 0),
(2336, 366, 1, 2, 0),
(2337, 366, 18, 2, 0),
(2338, 366, 10, 1, 0),
(2339, 366, 13, 1, 0),
(2340, 366, 13, 1, 0),
(2341, 366, 1, 2, 0),
(2342, 366, 18, 1, 0),
(2343, 367, 10, 1, 0),
(2344, 367, 17, 3, 0),
(2345, 367, 1, 2, 0),
(2346, 367, 18, 2, 0),
(2347, 367, 10, 1, 0),
(2348, 367, 13, 1, 0),
(2349, 367, 13, 1, 0),
(2350, 367, 1, 2, 0),
(2351, 367, 18, 1, 0),
(2352, 368, 10, 1, 0),
(2353, 368, 17, 3, 0),
(2354, 368, 1, 2, 0),
(2355, 368, 18, 2, 0),
(2356, 368, 10, 1, 0),
(2357, 368, 13, 1, 0),
(2358, 368, 13, 1, 0),
(2359, 368, 1, 2, 0),
(2360, 368, 18, 1, 0),
(2361, 369, 10, 1, 0),
(2362, 369, 17, 3, 0),
(2363, 369, 1, 2, 0),
(2364, 369, 18, 2, 0),
(2365, 369, 10, 1, 0),
(2366, 369, 13, 1, 0),
(2367, 369, 13, 1, 0),
(2368, 369, 1, 2, 0),
(2369, 369, 18, 1, 0),
(2370, 370, 10, 1, 0),
(2371, 370, 17, 3, 0),
(2372, 370, 1, 2, 0),
(2373, 370, 18, 2, 0),
(2374, 370, 10, 1, 0),
(2375, 370, 13, 1, 0),
(2376, 370, 13, 1, 0),
(2377, 370, 1, 2, 0),
(2378, 370, 18, 1, 0),
(2379, 371, 10, 1, 0),
(2380, 371, 17, 3, 0),
(2381, 371, 1, 2, 0),
(2382, 371, 18, 2, 0),
(2383, 371, 10, 1, 0),
(2384, 371, 13, 1, 0),
(2385, 371, 13, 1, 0),
(2386, 371, 1, 2, 0),
(2387, 371, 18, 1, 0),
(2388, 372, 10, 1, 0),
(2389, 372, 17, 3, 0),
(2390, 372, 1, 2, 0),
(2391, 372, 18, 2, 0),
(2392, 372, 10, 1, 0),
(2393, 372, 13, 1, 0),
(2394, 372, 13, 1, 0),
(2395, 372, 1, 2, 0),
(2396, 372, 18, 1, 0),
(2397, 373, 10, 1, 0),
(2398, 373, 17, 3, 0),
(2399, 373, 1, 2, 0),
(2400, 373, 18, 2, 0),
(2401, 373, 10, 1, 0),
(2402, 373, 13, 1, 0),
(2403, 373, 13, 1, 0),
(2404, 373, 1, 2, 0),
(2405, 373, 18, 1, 0),
(2406, 374, 10, 1, 0),
(2407, 374, 17, 3, 0),
(2408, 374, 1, 2, 0),
(2409, 374, 18, 2, 0),
(2410, 374, 10, 1, 0),
(2411, 374, 13, 1, 0),
(2412, 374, 13, 1, 0),
(2413, 374, 1, 2, 0),
(2414, 374, 18, 1, 0),
(2415, 375, 10, 1, 0),
(2416, 375, 17, 3, 0),
(2417, 375, 1, 2, 0),
(2418, 375, 18, 2, 0),
(2419, 375, 10, 1, 0),
(2420, 375, 13, 1, 0),
(2421, 375, 13, 1, 0),
(2422, 375, 1, 2, 0),
(2423, 375, 18, 1, 0),
(2424, 376, 10, 1, 0),
(2425, 376, 17, 3, 0),
(2426, 376, 1, 2, 0),
(2427, 376, 18, 2, 0),
(2428, 376, 10, 1, 0),
(2429, 376, 13, 1, 0),
(2430, 376, 13, 1, 0),
(2431, 376, 1, 2, 0),
(2432, 376, 18, 1, 0),
(2433, 377, 10, 1, 0),
(2434, 377, 17, 3, 0),
(2435, 377, 1, 2, 0),
(2436, 377, 18, 2, 0),
(2437, 377, 10, 1, 0),
(2438, 377, 13, 1, 0),
(2439, 377, 13, 1, 0),
(2440, 377, 1, 2, 0),
(2441, 377, 18, 1, 0),
(2442, 378, 10, 1, 0),
(2443, 378, 17, 3, 0),
(2444, 378, 1, 2, 0),
(2445, 378, 18, 2, 0),
(2446, 378, 10, 1, 0),
(2447, 378, 13, 1, 0);
INSERT INTO `tbl_order_details` (`order_details_id`, `order_id`, `product_id`, `product_qty`, `total_amount`) VALUES
(2448, 378, 13, 1, 0),
(2449, 378, 1, 2, 0),
(2450, 378, 18, 1, 0),
(2451, 379, 10, 1, 0),
(2452, 379, 17, 3, 0),
(2453, 379, 1, 2, 0),
(2454, 379, 18, 2, 0),
(2455, 379, 10, 1, 0),
(2456, 379, 13, 1, 0),
(2457, 379, 13, 1, 0),
(2458, 379, 1, 2, 0),
(2459, 379, 18, 1, 0),
(2460, 380, 10, 1, 0),
(2461, 380, 17, 3, 0),
(2462, 380, 1, 2, 0),
(2463, 380, 18, 2, 0),
(2464, 380, 10, 1, 0),
(2465, 380, 13, 1, 0),
(2466, 380, 13, 1, 0),
(2467, 380, 1, 2, 0),
(2468, 380, 18, 1, 0),
(2469, 381, 10, 1, 0),
(2470, 381, 17, 3, 0),
(2471, 381, 1, 2, 0),
(2472, 381, 18, 2, 0),
(2473, 381, 10, 1, 0),
(2474, 381, 13, 1, 0),
(2475, 381, 13, 1, 0),
(2476, 381, 1, 2, 0),
(2477, 381, 18, 1, 0),
(2478, 382, 10, 1, 0),
(2479, 382, 17, 3, 0),
(2480, 382, 1, 2, 0),
(2481, 382, 18, 2, 0),
(2482, 382, 10, 1, 0),
(2483, 382, 13, 1, 0),
(2484, 382, 13, 1, 0),
(2485, 382, 1, 2, 0),
(2486, 382, 18, 1, 0),
(2487, 383, 10, 1, 0),
(2488, 383, 17, 3, 0),
(2489, 383, 1, 2, 0),
(2490, 383, 18, 2, 0),
(2491, 383, 10, 1, 0),
(2492, 383, 13, 1, 0),
(2493, 383, 13, 1, 0),
(2494, 383, 1, 2, 0),
(2495, 383, 18, 1, 0),
(2496, 384, 10, 1, 0),
(2497, 384, 17, 3, 0),
(2498, 384, 1, 2, 0),
(2499, 384, 18, 2, 0),
(2500, 384, 10, 1, 0),
(2501, 384, 13, 1, 0),
(2502, 384, 13, 1, 0),
(2503, 384, 1, 2, 0),
(2504, 384, 18, 1, 0),
(2505, 385, 10, 1, 0),
(2506, 385, 17, 3, 0),
(2507, 385, 1, 2, 0),
(2508, 385, 18, 2, 0),
(2509, 385, 10, 1, 0),
(2510, 385, 13, 1, 0),
(2511, 385, 13, 1, 0),
(2512, 385, 1, 2, 0),
(2513, 385, 18, 1, 0),
(2514, 386, 10, 1, 0),
(2515, 386, 17, 3, 0),
(2516, 386, 1, 2, 0),
(2517, 386, 18, 2, 0),
(2518, 386, 10, 1, 0),
(2519, 386, 13, 1, 0),
(2520, 386, 13, 1, 0),
(2521, 386, 1, 2, 0),
(2522, 386, 18, 1, 0),
(2523, 387, 10, 1, 0),
(2524, 387, 17, 3, 0),
(2525, 387, 1, 2, 0),
(2526, 387, 18, 2, 0),
(2527, 387, 10, 1, 0),
(2528, 387, 13, 1, 0),
(2529, 387, 13, 1, 0),
(2530, 387, 1, 2, 0),
(2531, 387, 18, 1, 0),
(2532, 388, 10, 1, 0),
(2533, 388, 17, 3, 0),
(2534, 388, 1, 2, 0),
(2535, 388, 18, 2, 0),
(2536, 388, 10, 1, 0),
(2537, 388, 13, 1, 0),
(2538, 388, 13, 1, 0),
(2539, 388, 1, 2, 0),
(2540, 388, 18, 1, 0),
(2541, 389, 10, 1, 0),
(2542, 389, 17, 3, 0),
(2543, 389, 1, 2, 0),
(2544, 389, 18, 2, 0),
(2545, 389, 10, 1, 0),
(2546, 389, 13, 1, 0),
(2547, 389, 13, 1, 0),
(2548, 389, 1, 2, 0),
(2549, 389, 18, 1, 0),
(2550, 390, 10, 1, 0),
(2551, 390, 17, 3, 0),
(2552, 390, 1, 2, 0),
(2553, 390, 18, 2, 0),
(2554, 390, 10, 1, 0),
(2555, 390, 13, 1, 0),
(2556, 390, 13, 1, 0),
(2557, 390, 1, 2, 0),
(2558, 390, 18, 1, 0),
(2559, 391, 10, 1, 0),
(2560, 391, 17, 3, 0),
(2561, 391, 1, 2, 0),
(2562, 391, 18, 2, 0),
(2563, 391, 10, 1, 0),
(2564, 391, 13, 1, 0),
(2565, 391, 13, 1, 0),
(2566, 391, 1, 2, 0),
(2567, 391, 18, 1, 0),
(2568, 392, 10, 1, 0),
(2569, 392, 17, 3, 0),
(2570, 392, 1, 2, 0),
(2571, 392, 18, 2, 0),
(2572, 392, 10, 1, 0),
(2573, 392, 13, 1, 0),
(2574, 392, 13, 1, 0),
(2575, 392, 1, 2, 0),
(2576, 392, 18, 1, 0),
(2577, 393, 10, 1, 0),
(2578, 393, 17, 3, 0),
(2579, 393, 1, 2, 0),
(2580, 393, 18, 2, 0),
(2581, 393, 10, 1, 0),
(2582, 393, 13, 1, 0),
(2583, 393, 13, 1, 0),
(2584, 393, 1, 2, 0),
(2585, 393, 18, 1, 0),
(2586, 394, 10, 1, 0),
(2587, 394, 17, 3, 0),
(2588, 394, 1, 2, 0),
(2589, 394, 18, 2, 0),
(2590, 394, 10, 1, 0),
(2591, 394, 13, 1, 0),
(2592, 394, 13, 1, 0),
(2593, 394, 1, 2, 0),
(2594, 394, 18, 1, 0),
(2595, 395, 10, 1, 0),
(2596, 395, 17, 3, 0),
(2597, 395, 1, 2, 0),
(2598, 395, 18, 2, 0),
(2599, 395, 10, 1, 0),
(2600, 395, 13, 1, 0),
(2601, 395, 13, 1, 0),
(2602, 395, 1, 2, 0),
(2603, 395, 18, 1, 0),
(2604, 396, 10, 1, 0),
(2605, 396, 17, 3, 0),
(2606, 396, 1, 2, 0),
(2607, 396, 18, 2, 0),
(2608, 396, 10, 1, 0),
(2609, 396, 13, 1, 0),
(2610, 396, 13, 1, 0),
(2611, 396, 1, 2, 0),
(2612, 396, 18, 1, 0),
(2613, 397, 10, 1, 0),
(2614, 397, 17, 3, 0),
(2615, 397, 1, 2, 0),
(2616, 397, 18, 2, 0),
(2617, 397, 10, 1, 0),
(2618, 397, 13, 1, 0),
(2619, 397, 13, 1, 0),
(2620, 397, 1, 2, 0),
(2621, 397, 18, 1, 0),
(2622, 398, 10, 1, 0),
(2623, 398, 17, 3, 0),
(2624, 398, 1, 2, 0),
(2625, 398, 18, 2, 0),
(2626, 398, 10, 1, 0),
(2627, 398, 13, 1, 0),
(2628, 398, 13, 1, 0),
(2629, 398, 1, 2, 0),
(2630, 398, 18, 1, 0),
(2631, 399, 10, 1, 0),
(2632, 399, 17, 3, 0),
(2633, 399, 1, 2, 0),
(2634, 399, 18, 2, 0),
(2635, 399, 10, 1, 0),
(2636, 399, 13, 1, 0),
(2637, 399, 13, 1, 0),
(2638, 399, 1, 2, 0),
(2639, 399, 18, 1, 0),
(2640, 400, 10, 1, 0),
(2641, 400, 17, 3, 0),
(2642, 400, 1, 2, 0),
(2643, 400, 18, 2, 0),
(2644, 400, 10, 1, 0),
(2645, 400, 13, 1, 0),
(2646, 400, 13, 1, 0),
(2647, 400, 1, 2, 0),
(2648, 400, 18, 1, 0),
(2649, 401, 10, 1, 0),
(2650, 401, 17, 3, 0),
(2651, 401, 1, 2, 0),
(2652, 401, 18, 2, 0),
(2653, 401, 10, 1, 0),
(2654, 401, 13, 1, 0),
(2655, 401, 13, 1, 0),
(2656, 401, 1, 2, 0),
(2657, 401, 18, 1, 0),
(2658, 402, 10, 1, 0),
(2659, 402, 17, 3, 0),
(2660, 402, 1, 2, 0),
(2661, 402, 18, 2, 0),
(2662, 402, 10, 1, 0),
(2663, 402, 13, 1, 0),
(2664, 402, 13, 1, 0),
(2665, 402, 1, 2, 0),
(2666, 402, 18, 1, 0),
(2667, 403, 10, 1, 0),
(2668, 403, 17, 3, 0),
(2669, 403, 1, 2, 0),
(2670, 403, 18, 2, 0),
(2671, 403, 10, 1, 0),
(2672, 403, 13, 1, 0),
(2673, 403, 13, 1, 0),
(2674, 403, 1, 2, 0),
(2675, 403, 18, 1, 0),
(2676, 404, 10, 1, 0),
(2677, 404, 17, 3, 0),
(2678, 404, 1, 2, 0),
(2679, 404, 18, 2, 0),
(2680, 404, 10, 1, 0),
(2681, 404, 13, 1, 0),
(2682, 404, 13, 1, 0),
(2683, 404, 1, 2, 0),
(2684, 404, 18, 1, 0),
(2685, 405, 10, 1, 0),
(2686, 405, 17, 3, 0),
(2687, 405, 1, 2, 0),
(2688, 405, 18, 2, 0),
(2689, 405, 10, 1, 0),
(2690, 405, 13, 1, 0),
(2691, 405, 13, 1, 0),
(2692, 405, 1, 2, 0),
(2693, 405, 18, 1, 0),
(2694, 406, 10, 1, 0),
(2695, 406, 17, 3, 0),
(2696, 406, 1, 2, 0),
(2697, 406, 18, 2, 0),
(2698, 406, 10, 1, 0),
(2699, 406, 13, 1, 0),
(2700, 406, 13, 1, 0),
(2701, 406, 1, 2, 0),
(2702, 406, 18, 1, 0),
(2703, 407, 10, 1, 0),
(2704, 407, 17, 3, 0),
(2705, 407, 1, 2, 0),
(2706, 407, 18, 2, 0),
(2707, 407, 10, 1, 0),
(2708, 407, 13, 1, 0),
(2709, 407, 13, 1, 0),
(2710, 407, 1, 2, 0),
(2711, 407, 18, 1, 0),
(2712, 408, 10, 1, 0),
(2713, 408, 17, 3, 0),
(2714, 408, 1, 2, 0),
(2715, 408, 18, 2, 0),
(2716, 408, 10, 1, 0),
(2717, 408, 13, 1, 0),
(2718, 408, 13, 1, 0),
(2719, 408, 1, 2, 0),
(2720, 408, 18, 1, 0),
(2721, 409, 10, 1, 0),
(2722, 409, 17, 3, 0),
(2723, 409, 1, 2, 0),
(2724, 409, 18, 2, 0),
(2725, 409, 10, 1, 0),
(2726, 409, 13, 1, 0),
(2727, 409, 13, 1, 0),
(2728, 409, 1, 2, 0),
(2729, 409, 18, 1, 0),
(2730, 410, 10, 1, 0),
(2731, 410, 17, 3, 0),
(2732, 410, 1, 2, 0),
(2733, 410, 18, 2, 0),
(2734, 410, 10, 1, 0),
(2735, 410, 13, 1, 0),
(2736, 410, 13, 1, 0),
(2737, 410, 1, 2, 0),
(2738, 410, 18, 1, 0),
(2739, 411, 10, 1, 0),
(2740, 411, 17, 3, 0),
(2741, 411, 1, 2, 0),
(2742, 411, 18, 2, 0),
(2743, 411, 10, 1, 0),
(2744, 411, 13, 1, 0),
(2745, 411, 13, 1, 0),
(2746, 411, 1, 2, 0),
(2747, 411, 18, 1, 0),
(2748, 412, 10, 1, 0),
(2749, 412, 17, 3, 0),
(2750, 412, 1, 2, 0),
(2751, 412, 18, 2, 0),
(2752, 412, 10, 1, 0),
(2753, 412, 13, 1, 0),
(2754, 412, 13, 1, 0),
(2755, 412, 1, 2, 0),
(2756, 412, 18, 1, 0),
(2757, 413, 10, 1, 0),
(2758, 413, 17, 3, 0),
(2759, 413, 1, 2, 0),
(2760, 413, 18, 2, 0),
(2761, 413, 10, 1, 0),
(2762, 413, 13, 1, 0),
(2763, 413, 13, 1, 0),
(2764, 413, 1, 2, 0),
(2765, 413, 18, 1, 0),
(2766, 414, 10, 1, 0),
(2767, 414, 17, 3, 0),
(2768, 414, 1, 2, 0),
(2769, 414, 18, 2, 0),
(2770, 414, 10, 1, 0),
(2771, 414, 13, 1, 0),
(2772, 414, 13, 1, 0),
(2773, 414, 1, 2, 0),
(2774, 414, 18, 1, 0),
(2775, 415, 10, 1, 0),
(2776, 415, 17, 3, 0),
(2777, 415, 1, 2, 0),
(2778, 415, 18, 2, 0),
(2779, 415, 10, 1, 0),
(2780, 415, 13, 1, 0),
(2781, 415, 13, 1, 0),
(2782, 415, 1, 2, 0),
(2783, 415, 18, 1, 0),
(2784, 416, 10, 1, 0),
(2785, 416, 17, 3, 0),
(2786, 416, 1, 2, 0),
(2787, 416, 18, 2, 0),
(2788, 416, 10, 1, 0),
(2789, 416, 13, 1, 0),
(2790, 416, 13, 1, 0),
(2791, 416, 1, 2, 0),
(2792, 416, 18, 1, 0),
(2793, 417, 10, 1, 0),
(2794, 417, 17, 3, 0),
(2795, 417, 1, 2, 0),
(2796, 417, 18, 2, 0),
(2797, 417, 10, 1, 0),
(2798, 417, 13, 1, 0),
(2799, 417, 13, 1, 0),
(2800, 417, 1, 2, 0),
(2801, 417, 18, 1, 0),
(2802, 418, 10, 1, 0),
(2803, 418, 17, 3, 0),
(2804, 418, 1, 2, 0),
(2805, 418, 18, 2, 0),
(2806, 418, 10, 1, 0),
(2807, 418, 13, 1, 0),
(2808, 418, 13, 1, 0),
(2809, 418, 1, 2, 0),
(2810, 418, 18, 1, 0),
(2811, 419, 10, 1, 0),
(2812, 419, 17, 3, 0),
(2813, 419, 1, 2, 0),
(2814, 419, 18, 2, 0),
(2815, 419, 10, 1, 0),
(2816, 419, 13, 1, 0),
(2817, 419, 13, 1, 0),
(2818, 419, 1, 2, 0),
(2819, 419, 18, 1, 0),
(2820, 420, 10, 1, 0),
(2821, 420, 17, 3, 0),
(2822, 420, 1, 2, 0),
(2823, 420, 18, 2, 0),
(2824, 420, 10, 1, 0),
(2825, 420, 13, 1, 0),
(2826, 420, 13, 1, 0),
(2827, 420, 1, 2, 0),
(2828, 420, 18, 1, 0),
(2829, 421, 10, 1, 0),
(2830, 421, 17, 3, 0),
(2831, 421, 1, 2, 0),
(2832, 421, 18, 2, 0),
(2833, 421, 10, 1, 0),
(2834, 421, 13, 1, 0),
(2835, 421, 13, 1, 0),
(2836, 421, 1, 2, 0),
(2837, 421, 18, 1, 0),
(2838, 422, 10, 1, 0),
(2839, 422, 17, 3, 0),
(2840, 422, 1, 2, 0),
(2841, 422, 18, 2, 0),
(2842, 422, 10, 1, 0),
(2843, 422, 13, 1, 0),
(2844, 422, 13, 1, 0),
(2845, 422, 1, 2, 0),
(2846, 422, 18, 1, 0),
(2847, 423, 10, 1, 0),
(2848, 423, 17, 3, 0),
(2849, 423, 1, 2, 0),
(2850, 423, 18, 2, 0),
(2851, 423, 10, 1, 0),
(2852, 423, 13, 1, 0),
(2853, 423, 13, 1, 0),
(2854, 423, 1, 2, 0),
(2855, 423, 18, 1, 0),
(2856, 424, 10, 1, 0),
(2857, 424, 17, 3, 0),
(2858, 424, 1, 2, 0),
(2859, 424, 18, 2, 0),
(2860, 424, 10, 1, 0),
(2861, 424, 13, 1, 0),
(2862, 424, 13, 1, 0),
(2863, 424, 1, 2, 0),
(2864, 424, 18, 1, 0),
(2865, 425, 10, 1, 0),
(2866, 425, 17, 3, 0),
(2867, 425, 1, 2, 0),
(2868, 425, 18, 2, 0),
(2869, 425, 10, 1, 0),
(2870, 425, 13, 1, 0),
(2871, 425, 13, 1, 0),
(2872, 425, 1, 2, 0),
(2873, 425, 18, 1, 0),
(2874, 426, 10, 1, 0),
(2875, 426, 17, 3, 0),
(2876, 426, 1, 2, 0),
(2877, 426, 18, 2, 0),
(2878, 426, 10, 1, 0),
(2879, 426, 13, 1, 0),
(2880, 426, 13, 1, 0),
(2881, 426, 1, 2, 0),
(2882, 426, 18, 1, 0),
(2883, 427, 10, 1, 0),
(2884, 427, 17, 3, 0),
(2885, 427, 1, 2, 0),
(2886, 427, 18, 2, 0),
(2887, 427, 10, 1, 0),
(2888, 427, 13, 1, 0),
(2889, 427, 13, 1, 0),
(2890, 427, 1, 2, 0),
(2891, 427, 18, 1, 0),
(2892, 428, 10, 1, 0),
(2893, 428, 17, 3, 0),
(2894, 428, 1, 2, 0),
(2895, 428, 18, 2, 0),
(2896, 428, 10, 1, 0),
(2897, 428, 13, 1, 0),
(2898, 428, 13, 1, 0),
(2899, 428, 1, 2, 0),
(2900, 428, 18, 1, 0),
(2901, 429, 10, 1, 0),
(2902, 429, 17, 3, 0),
(2903, 429, 1, 2, 0),
(2904, 429, 18, 2, 0),
(2905, 429, 10, 1, 0),
(2906, 429, 13, 1, 0),
(2907, 429, 13, 1, 0),
(2908, 429, 1, 2, 0),
(2909, 429, 18, 1, 0),
(2910, 430, 10, 1, 0),
(2911, 430, 17, 3, 0),
(2912, 430, 1, 2, 0),
(2913, 430, 18, 2, 0),
(2914, 430, 10, 1, 0),
(2915, 430, 13, 1, 0),
(2916, 430, 13, 1, 0),
(2917, 430, 1, 2, 0),
(2918, 430, 18, 1, 0),
(2919, 431, 10, 1, 0),
(2920, 431, 17, 3, 0),
(2921, 431, 1, 2, 0),
(2922, 431, 18, 2, 0),
(2923, 431, 10, 1, 0),
(2924, 431, 13, 1, 0),
(2925, 431, 13, 1, 0),
(2926, 431, 1, 2, 0),
(2927, 431, 18, 1, 0),
(2928, 432, 10, 1, 0),
(2929, 432, 17, 3, 0),
(2930, 432, 1, 2, 0),
(2931, 432, 18, 2, 0),
(2932, 432, 10, 1, 0),
(2933, 432, 13, 1, 0),
(2934, 432, 13, 1, 0),
(2935, 432, 1, 2, 0),
(2936, 432, 18, 1, 0),
(2937, 433, 10, 1, 0),
(2938, 433, 17, 3, 0),
(2939, 433, 1, 2, 0),
(2940, 433, 18, 2, 0),
(2941, 433, 10, 1, 0),
(2942, 433, 13, 1, 0),
(2943, 433, 13, 1, 0),
(2944, 433, 1, 2, 0),
(2945, 433, 18, 1, 0),
(2946, 434, 10, 1, 0),
(2947, 434, 17, 3, 0),
(2948, 434, 1, 2, 0),
(2949, 434, 18, 2, 0),
(2950, 434, 10, 1, 0),
(2951, 434, 13, 1, 0),
(2952, 434, 13, 1, 0),
(2953, 434, 1, 2, 0),
(2954, 434, 18, 1, 0),
(2955, 435, 10, 1, 0),
(2956, 435, 17, 3, 0),
(2957, 435, 1, 2, 0),
(2958, 435, 18, 2, 0),
(2959, 435, 10, 1, 0),
(2960, 435, 13, 1, 0),
(2961, 435, 13, 1, 0),
(2962, 435, 1, 2, 0),
(2963, 435, 18, 1, 0),
(2964, 436, 10, 1, 0),
(2965, 436, 17, 3, 0),
(2966, 436, 1, 2, 0),
(2967, 436, 18, 2, 0),
(2968, 436, 10, 1, 0),
(2969, 436, 13, 1, 0),
(2970, 436, 13, 1, 0),
(2971, 436, 1, 2, 0),
(2972, 436, 18, 1, 0),
(2973, 437, 10, 1, 0),
(2974, 437, 17, 3, 0),
(2975, 437, 1, 2, 0),
(2976, 437, 18, 2, 0),
(2977, 437, 10, 1, 0),
(2978, 437, 13, 1, 0),
(2979, 437, 13, 1, 0),
(2980, 437, 1, 2, 0),
(2981, 437, 18, 1, 0),
(2982, 438, 10, 1, 0),
(2983, 438, 17, 3, 0),
(2984, 438, 1, 2, 0),
(2985, 438, 18, 2, 0),
(2986, 438, 10, 1, 0),
(2987, 438, 13, 1, 0),
(2988, 438, 13, 1, 0),
(2989, 438, 1, 2, 0),
(2990, 438, 18, 1, 0),
(2991, 439, 10, 1, 0),
(2992, 439, 17, 3, 0),
(2993, 439, 1, 2, 0),
(2994, 439, 18, 2, 0),
(2995, 439, 10, 1, 0),
(2996, 439, 13, 1, 0),
(2997, 439, 13, 1, 0),
(2998, 439, 1, 2, 0),
(2999, 439, 18, 1, 0),
(3000, 440, 10, 1, 0),
(3001, 440, 17, 3, 0),
(3002, 440, 1, 2, 0),
(3003, 440, 18, 2, 0),
(3004, 440, 10, 1, 0),
(3005, 440, 13, 1, 0),
(3006, 440, 13, 1, 0),
(3007, 440, 1, 2, 0),
(3008, 440, 18, 1, 0),
(3009, 441, 10, 1, 0),
(3010, 441, 17, 3, 0),
(3011, 441, 1, 2, 0),
(3012, 441, 18, 2, 0),
(3013, 441, 10, 1, 0),
(3014, 441, 13, 1, 0),
(3015, 441, 13, 1, 0),
(3016, 441, 1, 2, 0),
(3017, 441, 18, 1, 0),
(3018, 442, 10, 1, 0),
(3019, 442, 17, 3, 0),
(3020, 442, 1, 2, 0),
(3021, 442, 18, 2, 0),
(3022, 442, 10, 1, 0),
(3023, 442, 13, 1, 0),
(3024, 442, 13, 1, 0),
(3025, 442, 1, 2, 0),
(3026, 442, 18, 1, 0),
(3027, 443, 10, 1, 0),
(3028, 443, 17, 3, 0),
(3029, 443, 1, 2, 0),
(3030, 443, 18, 2, 0),
(3031, 443, 10, 1, 0),
(3032, 443, 13, 1, 0),
(3033, 443, 13, 1, 0),
(3034, 443, 1, 2, 0),
(3035, 443, 18, 1, 0),
(3036, 444, 10, 1, 0),
(3037, 444, 17, 3, 0),
(3038, 444, 1, 2, 0),
(3039, 444, 18, 2, 0),
(3040, 444, 10, 1, 0),
(3041, 444, 13, 1, 0),
(3042, 444, 13, 1, 0),
(3043, 444, 1, 2, 0),
(3044, 444, 18, 1, 0),
(3045, 445, 10, 1, 0),
(3046, 445, 17, 3, 0),
(3047, 445, 1, 2, 0),
(3048, 445, 18, 2, 0),
(3049, 445, 10, 1, 0),
(3050, 445, 13, 1, 0),
(3051, 445, 13, 1, 0),
(3052, 445, 1, 2, 0),
(3053, 445, 18, 1, 0),
(3054, 446, 10, 1, 0),
(3055, 446, 17, 3, 0),
(3056, 446, 1, 2, 0),
(3057, 446, 18, 2, 0),
(3058, 446, 10, 1, 0),
(3059, 446, 13, 1, 0),
(3060, 446, 13, 1, 0),
(3061, 446, 1, 2, 0),
(3062, 446, 18, 1, 0),
(3063, 447, 10, 1, 0),
(3064, 447, 17, 3, 0),
(3065, 447, 1, 2, 0),
(3066, 447, 18, 2, 0),
(3067, 447, 10, 1, 0),
(3068, 447, 13, 1, 0),
(3069, 447, 13, 1, 0),
(3070, 447, 1, 2, 0),
(3071, 447, 18, 1, 0),
(3072, 448, 10, 1, 0),
(3073, 448, 17, 3, 0),
(3074, 448, 1, 2, 0),
(3075, 448, 18, 2, 0),
(3076, 448, 10, 1, 0),
(3077, 448, 13, 1, 0),
(3078, 448, 13, 1, 0),
(3079, 448, 1, 2, 0),
(3080, 448, 18, 1, 0),
(3081, 449, 10, 1, 0),
(3082, 449, 17, 3, 0),
(3083, 449, 1, 2, 0),
(3084, 449, 18, 2, 0),
(3085, 449, 10, 1, 0),
(3086, 449, 13, 1, 0),
(3087, 449, 13, 1, 0),
(3088, 449, 1, 2, 0),
(3089, 449, 18, 1, 0),
(3090, 450, 10, 1, 0),
(3091, 450, 17, 3, 0),
(3092, 450, 1, 2, 0),
(3093, 450, 18, 2, 0),
(3094, 450, 10, 1, 0),
(3095, 450, 13, 1, 0),
(3096, 450, 13, 1, 0),
(3097, 450, 1, 2, 0),
(3098, 450, 18, 1, 0),
(3099, 451, 10, 1, 0),
(3100, 451, 17, 3, 0),
(3101, 451, 1, 2, 0),
(3102, 451, 18, 2, 0),
(3103, 451, 10, 1, 0),
(3104, 451, 13, 1, 0),
(3105, 451, 13, 1, 0),
(3106, 451, 1, 2, 0),
(3107, 451, 18, 1, 0),
(3108, 452, 10, 1, 0),
(3109, 452, 17, 3, 0),
(3110, 452, 1, 2, 0),
(3111, 452, 18, 2, 0),
(3112, 452, 10, 1, 0),
(3113, 452, 13, 1, 0),
(3114, 452, 13, 1, 0),
(3115, 452, 1, 2, 0),
(3116, 452, 18, 1, 0),
(3117, 453, 10, 1, 0),
(3118, 453, 17, 3, 0),
(3119, 453, 1, 2, 0),
(3120, 453, 18, 2, 0),
(3121, 453, 10, 1, 0),
(3122, 453, 13, 1, 0),
(3123, 453, 13, 1, 0),
(3124, 453, 1, 2, 0),
(3125, 453, 18, 1, 0),
(3126, 454, 10, 1, 0),
(3127, 454, 17, 3, 0),
(3128, 454, 1, 2, 0),
(3129, 454, 18, 2, 0),
(3130, 454, 10, 1, 0),
(3131, 454, 13, 1, 0),
(3132, 454, 13, 1, 0),
(3133, 454, 1, 2, 0),
(3134, 454, 18, 1, 0),
(3135, 455, 10, 1, 0),
(3136, 455, 17, 3, 0),
(3137, 455, 1, 2, 0),
(3138, 455, 18, 2, 0),
(3139, 455, 10, 1, 0),
(3140, 455, 13, 1, 0),
(3141, 455, 13, 1, 0),
(3142, 455, 1, 2, 0),
(3143, 455, 18, 1, 0),
(3144, 456, 10, 1, 0),
(3145, 456, 17, 3, 0),
(3146, 456, 1, 2, 0),
(3147, 456, 18, 2, 0),
(3148, 456, 10, 1, 0),
(3149, 456, 13, 1, 0),
(3150, 456, 13, 1, 0),
(3151, 456, 1, 2, 0),
(3152, 456, 18, 1, 0),
(3153, 457, 10, 1, 0),
(3154, 457, 17, 3, 0),
(3155, 457, 1, 2, 0),
(3156, 457, 18, 2, 0),
(3157, 457, 10, 1, 0),
(3158, 457, 13, 1, 0),
(3159, 457, 13, 1, 0),
(3160, 457, 1, 2, 0),
(3161, 457, 18, 1, 0),
(3162, 458, 10, 1, 0),
(3163, 458, 17, 3, 0),
(3164, 458, 1, 2, 0),
(3165, 458, 18, 2, 0),
(3166, 458, 10, 1, 0),
(3167, 458, 13, 1, 0),
(3168, 458, 13, 1, 0),
(3169, 458, 1, 2, 0),
(3170, 458, 18, 1, 0),
(3171, 459, 10, 1, 0),
(3172, 459, 17, 3, 0),
(3173, 459, 1, 2, 0),
(3174, 459, 18, 2, 0),
(3175, 459, 10, 1, 0),
(3176, 459, 13, 1, 0),
(3177, 459, 13, 1, 0),
(3178, 459, 1, 2, 0),
(3179, 459, 18, 1, 0),
(3180, 460, 10, 0, 12225),
(3181, 460, 4, 0, 12225),
(3182, 460, 4, 0, 12225),
(3183, 461, 10, 1, 0),
(3184, 461, 17, 3, 0),
(3185, 461, 1, 2, 0),
(3186, 461, 18, 2, 0),
(3187, 461, 10, 1, 0),
(3188, 461, 13, 1, 0),
(3189, 461, 1, 2, 0),
(3190, 461, 18, 1, 0),
(3191, 462, 0, 1, 0),
(3192, 463, 0, 1, 0),
(3193, 464, 0, 1, 0),
(3194, 465, 0, 1, 0),
(3195, 466, 0, 1, 0),
(3196, 467, 0, 1, 0),
(3197, 468, 0, 1, 0),
(3198, 468, 0, 1, 0),
(3199, 469, 0, 1, 0),
(3200, 469, 0, 1, 0),
(3201, 469, 0, 1, 0),
(3202, 470, 10, 1, 0),
(3203, 470, 15, 1, 0),
(3204, 470, 1, 1, 0),
(3205, 471, 0, 1, 0),
(3206, 472, 0, 1, 0),
(3207, 472, 0, 1, 0),
(3208, 472, 0, 1, 0),
(3209, 473, 0, 1, 0),
(3210, 473, 0, 1, 0),
(3211, 473, 0, 1, 0),
(3212, 473, 0, 1, 0),
(3213, 474, 16, 1, 0),
(3214, 474, 9, 1, 0),
(3215, 474, 18, 1, 0),
(3216, 474, 5, 1, 0),
(3217, 474, 18, 1, 0),
(3218, 475, 16, 1, 0),
(3219, 475, 9, 1, 0),
(3220, 475, 18, 1, 0),
(3221, 475, 5, 1, 0),
(3222, 475, 18, 1, 0),
(3223, 476, 16, 1, 0),
(3224, 476, 9, 1, 0),
(3225, 476, 18, 1, 0),
(3226, 476, 5, 1, 0),
(3227, 476, 18, 1, 0),
(3228, 477, 17, 1, 0),
(3229, 478, 7, 3, 0),
(3230, 478, 11, 2, 0),
(3231, 478, 1, 1, 0),
(3232, 478, 9, 1, 0),
(3233, 478, 4, 1, 0),
(3234, 478, 4, 3, 0);

-- --------------------------------------------------------

--
-- Table structure for table `tbl_order_master`
--

CREATE TABLE `tbl_order_master` (
  `order_id` int(11) NOT NULL,
  `order_date` date NOT NULL,
  `user_id` int(11) NOT NULL,
  `total_amount` varchar(50) NOT NULL,
  `order_status` varchar(100) DEFAULT 'Pending',
  `view_order` int(11) NOT NULL DEFAULT 1,
  `cancel_reason` text DEFAULT NULL,
  `payment_method` varchar(200) DEFAULT NULL,
  `razor_pay_payment_id` varchar(200) DEFAULT NULL
) ENGINE=InnoDB DEFAULT CHARSET=latin1;

--
-- Dumping data for table `tbl_order_master`
--

INSERT INTO `tbl_order_master` (`order_id`, `order_date`, `user_id`, `total_amount`, `order_status`, `view_order`, `cancel_reason`, `payment_method`, `razor_pay_payment_id`) VALUES
(1, '2020-09-25', 32, '7238', 'Cancelled', 1, NULL, 'Razor Pay', 'pay_FhEEHko60WrZi1'),
(2, '2020-09-25', 32, '509', 'Cancelled', 0, 'Test', 'Cash On Delivery', ''),
(3, '2020-12-17', 34, '1200', 'Pending', 1, NULL, 'cash', ''),
(4, '2020-12-29', 86, '6000', 'Pending', 1, NULL, 'upi', ''),
(5, '2020-12-29', 86, '6000', 'Pending', 1, NULL, 'cod', ''),
(6, '2020-12-29', 86, '6000', 'Pending', 1, NULL, 'cod', ''),
(7, '2020-12-29', 86, '6000', 'Pending', 1, NULL, 'cod', ''),
(8, '2020-12-29', 86, '6000', 'Pending', 1, NULL, 'cod', ''),
(9, '2020-12-31', 1, '1200', 'Pending', 1, NULL, 'cash', ''),
(10, '2020-12-31', 1, '1200', 'Pending', 1, NULL, 'cash', ''),
(11, '2020-12-31', 1, '1200', 'Pending', 1, NULL, 'cash', ''),
(12, '2020-12-31', 1, '1200', 'Pending', 1, NULL, 'cash', ''),
(13, '2020-12-31', 1, '1200', 'Pending', 1, NULL, 'cash', ''),
(14, '2020-12-31', 1, '1200', 'Pending', 1, NULL, 'cash', ''),
(15, '2020-12-31', 1, '1200', 'Pending', 1, NULL, 'cash', ''),
(16, '2020-12-31', 1, '1200', 'Pending', 1, NULL, 'cash', ''),
(17, '2020-12-31', 1, '1200', 'Pending', 1, NULL, 'cash', ''),
(18, '2020-12-31', 1, '1200', 'Pending', 1, NULL, 'cash', ''),
(19, '2020-12-31', 1, '1200', 'Pending', 1, NULL, 'cash', ''),
(20, '2020-12-31', 1, '1200', 'Pending', 1, NULL, 'cash', ''),
(21, '2020-12-31', 1, '1200', 'Pending', 1, NULL, 'cash', ''),
(22, '2020-12-31', 1, '1200', 'Pending', 1, NULL, 'cash', ''),
(23, '2020-12-31', 1, '1200', 'Pending', 1, NULL, 'cash', ''),
(24, '2020-12-31', 1, '1200', 'Pending', 1, NULL, 'cash', ''),
(25, '2020-12-31', 1, '1200', 'Pending', 1, NULL, 'cash', ''),
(26, '2020-12-31', 1, '1200', 'Pending', 1, NULL, 'cash', ''),
(27, '2020-12-31', 1, '1200', 'Pending', 1, NULL, 'cash', ''),
(28, '2020-12-31', 1, '1200', 'Pending', 1, NULL, 'cash', ''),
(29, '2020-12-31', 1, '1200', 'Pending', 1, NULL, 'cash', ''),
(30, '2020-12-31', 1, '1200', 'Pending', 1, NULL, 'cash', ''),
(31, '2020-12-31', 1, '1200', 'Pending', 1, NULL, 'cash', ''),
(32, '2020-12-31', 1, '1200', 'Pending', 1, NULL, 'cash', ''),
(33, '2020-12-31', 1, '1200', 'Pending', 1, NULL, 'cash', ''),
(34, '2020-12-31', 1, '1200', 'Pending', 1, NULL, 'cash', ''),
(35, '2020-12-31', 1, '1200', 'Pending', 1, NULL, 'cash', ''),
(36, '2020-12-31', 1, '1200', 'Pending', 1, NULL, 'cash', ''),
(37, '2021-01-08', 89, '2000', 'Pending', 1, NULL, 'Cash', ''),
(38, '2021-01-08', 57, '4424', 'Cancelled', 0, 'Demo cancle', 'cards', ''),
(39, '2021-01-08', 57, '2212', 'Cancelled', 0, 'democancle', 'cards', ''),
(40, '2021-02-10', 103, '2418', 'Cancelled', 0, 'De', 'Cards', ''),
(41, '2021-02-10', 103, '6014', 'Cancelled', 1, NULL, 'UPI', ''),
(42, '2021-02-10', 103, '6014', 'Completed', 1, NULL, 'UPI', ''),
(43, '2021-02-10', 103, '1480', 'Cancelled', 0, 'Demo', 'Net Banking', ''),
(44, '2021-02-10', 103, '11899', 'Cancelled', 1, NULL, 'Cash On delivery', ''),
(45, '2021-02-11', 110, '640', 'Cancelled', 0, 'Abc', 'Cash On delivery', ''),
(46, '2021-02-11', 103, '672', 'Pending', 1, NULL, 'Net Banking', ''),
(47, '2021-02-17', 115, '3499', 'Cancelled', 0, 'Jskd', 'UPI', ''),
(48, '2021-02-19', 115, '1106', 'Cancelled', 0, 'Yes', 'Cards', ''),
(49, '2021-02-20', 103, '1834', 'Pending', 1, NULL, 'Cards', ''),
(50, '2021-02-20', 103, '2300', 'Cancelled', 0, 'Sdffv', 'Cash On delivery', ''),
(51, '2021-02-22', 125, '3000', 'Pending', 1, NULL, 'case on delivery', ''),
(52, '2021-02-22', 125, '3000', 'Pending', 1, NULL, 'case on delivery', ''),
(53, '2021-02-22', 125, '3000', 'Pending', 1, NULL, 'case on delivery', ''),
(54, '2021-02-22', 115, '13108', 'Pending', 1, NULL, 'Cash On delivery', ''),
(55, '2021-02-23', 115, '640', 'Pending', 1, NULL, 'Cards', ''),
(56, '2021-02-23', 115, '640', 'Pending', 1, NULL, 'Cards', ''),
(57, '2021-02-23', 115, '640', 'Pending', 1, NULL, 'Net Banking', ''),
(58, '2021-02-23', 115, '640', 'Pending', 1, NULL, 'Cash On delivery', ''),
(59, '2021-02-23', 115, '640', 'Pending', 1, NULL, 'Cards', ''),
(60, '2021-02-23', 115, '640', 'Pending', 1, NULL, 'Net Banking', ''),
(61, '2021-02-23', 115, '640', 'Pending', 1, NULL, 'Cash On delivery', ''),
(62, '2021-02-23', 115, '640', 'Pending', 1, NULL, 'Cash On delivery', ''),
(63, '2021-02-23', 115, '640', 'Pending', 1, NULL, 'Cash On delivery', ''),
(64, '2021-02-23', 115, '640', 'Pending', 1, NULL, 'Cash On delivery', ''),
(65, '2021-02-23', 115, '640', 'Cancelled', 0, 'Tes', 'Cash On delivery', ''),
(66, '2021-02-23', 129, '3000', 'Pending', 1, NULL, 'case on delivery', ''),
(67, '2021-02-23', 129, '3000', 'Pending', 1, NULL, 'case on delivery', ''),
(68, '2021-02-23', 129, '3000', 'Pending', 1, NULL, 'case on delivery', ''),
(69, '2021-02-23', 129, '3500', 'Pending', 1, NULL, 'case on delivery', ''),
(70, '2021-02-23', 129, '3500', 'Cancelled', 0, 'not good', 'case on delivery', ''),
(71, '2021-02-25', 130, '6081', 'Pending', 1, NULL, 'Case On Delivery', ''),
(72, '2021-02-25', 130, '4872', 'Ongoing', 1, NULL, 'UPI', ''),
(73, '2021-02-25', 130, '4008', 'Pending', 1, NULL, 'Case On Delivery', ''),
(74, '2021-02-25', 130, '7635', 'Pending', 1, NULL, 'Case On Delivery', ''),
(75, '2021-03-03', 103, '3499', 'Pending', 1, NULL, 'Cash On delivery', ''),
(76, '2021-03-04', 103, '2642', 'Pending', 1, NULL, 'UPI', ''),
(77, '2021-03-04', 103, '2642', 'Pending', 1, NULL, 'UPI', ''),
(78, '2021-03-04', 103, '2642', 'Pending', 1, NULL, 'UPI', ''),
(79, '2021-03-04', 103, '2642', 'Pending', 1, NULL, 'UPI', ''),
(80, '2021-03-04', 103, '2642', 'Pending', 1, NULL, 'Cards', ''),
(81, '2021-03-04', 103, '2642', 'Pending', 1, NULL, 'Cards', ''),
(82, '2021-03-04', 103, '2642', 'Pending', 1, NULL, 'Cards', ''),
(83, '2021-03-04', 103, '2642', 'Pending', 1, NULL, 'Cards', ''),
(84, '2021-03-04', 103, '2642', 'Pending', 1, NULL, 'Cards', ''),
(85, '2021-03-04', 103, '2642', 'Pending', 1, NULL, 'Cards', ''),
(86, '2021-03-04', 103, '2642', 'Pending', 1, NULL, 'Cards', ''),
(87, '2021-03-04', 103, '2642', 'Pending', 1, NULL, 'Cards', ''),
(88, '2021-03-04', 103, '2642', 'Pending', 1, NULL, 'Cards', ''),
(89, '2021-03-04', 103, '2642', 'Pending', 1, NULL, 'UPI', ''),
(90, '2021-03-04', 103, '2642', 'Pending', 1, NULL, 'UPI', ''),
(91, '2021-03-04', 130, '19731', 'Pending', 1, NULL, 'Case On Delivery', ''),
(92, '2021-03-04', 124, '3318', 'Pending', 1, NULL, 'UPI', ''),
(93, '2021-03-04', 130, '19731', 'Pending', 1, NULL, 'Case On Delivery', ''),
(94, '2021-03-04', 130, '19731', 'Pending', 1, NULL, 'Case On Delivery', ''),
(95, '2021-03-04', 130, '19731', 'Pending', 1, NULL, 'UPI', ''),
(96, '2021-03-04', 130, '19731', 'Pending', 1, NULL, 'Case On Delivery', ''),
(97, '2021-03-04', 130, '1106', 'Pending', 1, NULL, 'Case On Delivery', ''),
(98, '2021-03-04', 130, '1106', 'Pending', 1, NULL, 'Case On Delivery', ''),
(99, '2021-03-05', 130, '509', 'Pending', 1, NULL, 'Case On Delivery', ''),
(100, '2021-03-05', 103, '3596', 'Pending', 1, NULL, 'UPI', ''),
(101, '2021-03-05', 103, '3596', 'Pending', 1, NULL, 'UPI', ''),
(102, '2021-03-05', 103, '3596', 'Pending', 1, NULL, 'UPI', ''),
(103, '2021-03-05', 103, '23798', 'Pending', 1, NULL, 'Cards', ''),
(104, '2021-03-05', 103, '509', 'Pending', 1, NULL, 'UPI', ''),
(105, '2021-03-05', 103, '864', 'Pending', 1, NULL, 'Cards', ''),
(106, '2021-03-05', 103, '740', 'Pending', 1, NULL, 'Cards', ''),
(107, '2021-03-05', 103, '1150', 'Pending', 1, NULL, 'Cash On delivery', ''),
(108, '2021-03-05', 130, '2652', 'Pending', 1, NULL, 'Case On Delivery', ''),
(109, '2021-03-06', 130, '2095', 'Pending', 1, NULL, 'UPI', ''),
(110, '2021-03-06', 103, '672', 'Pending', 1, NULL, 'Net Banking', ''),
(111, '2021-03-06', 130, '1046', 'Pending', 1, NULL, 'Cash on Deilvery', ''),
(112, '2021-03-06', 130, '11899', 'Pending', 1, NULL, 'Cash on Deilvery', ''),
(113, '2021-03-06', 130, '440', 'Pending', 1, NULL, 'Cash on Deilvery', ''),
(114, '2021-03-06', 130, '440', 'Cancelled', 0, 'not good', 'Cash on Deilvery', ''),
(115, '2021-03-07', 103, '440', 'Pending', 1, NULL, 'UPI', ''),
(116, '2021-03-08', 103, '2212', 'Pending', 1, NULL, 'UPI', ''),
(117, '2021-03-08', 130, '89999', 'Pending', 1, NULL, 'case ', ''),
(118, '2021-03-08', 130, '2269', 'Pending', 1, NULL, 'Cash on Deilvery', ''),
(119, '2021-03-09', 130, '6576', 'Pending', 1, NULL, 'Cash On Delivery', ''),
(120, '2021-03-09', 130, '6576', 'Pending', 1, NULL, 'Cash On Delivery', ''),
(121, '2021-03-09', 130, '6576', 'Pending', 1, NULL, 'Cash On Delivery', ''),
(460, '2021-03-11', 103, '12225', 'Pending', 1, NULL, 'Cash On delivery', ''),
(461, '2021-03-11', 130, '10732', 'Pending', 1, NULL, 'Cash On Delivery', ''),
(462, '2021-03-13', 130, '864', 'Pending', 1, NULL, 'Cash On Delivery', ''),
(463, '2021-03-13', 130, '864', 'Pending', 1, NULL, 'Cash On Delivery', ''),
(464, '2021-03-13', 130, '864', 'Pending', 1, NULL, 'Cash On Delivery', ''),
(465, '2021-03-13', 130, '864', 'Pending', 1, NULL, 'Cash On Delivery', ''),
(466, '2021-03-13', 130, '864', 'Pending', 1, NULL, 'Cash On Delivery', ''),
(467, '2021-03-13', 130, '864', 'Pending', 1, NULL, 'Cash On Delivery', ''),
(468, '2021-03-13', 130, '1238', 'Pending', 1, NULL, 'Cash On Delivery', ''),
(469, '2021-03-13', 130, '2344', 'Pending', 1, NULL, 'Cash On Delivery', ''),
(470, '2021-03-13', 130, '2344', 'Pending', 1, NULL, 'Cash on Deilvery', ''),
(471, '2021-03-13', 130, '509', 'Pending', 1, NULL, 'Cash On Delivery', ''),
(472, '2021-03-13', 130, '2358', 'Pending', 1, NULL, 'Cash On Delivery', ''),
(473, '2021-03-13', 130, '2867', 'Pending', 1, NULL, 'Razor Payment', ''),
(474, '2021-03-13', 130, '3507', 'Pending', 1, NULL, 'Razor Payment', ''),
(475, '2021-03-13', 130, '3507', 'Pending', 1, NULL, 'Cash On Delivery', ''),
(476, '2021-03-13', 130, '3507', 'Pending', 1, NULL, 'Cash On Delivery', ''),
(477, '2021-03-13', 130, '740', 'Pending', 1, NULL, 'Cash On Delivery', ''),
(478, '2021-03-16', 0, '?/-25246', 'Pending', 1, NULL, 'Cash On Delivery', '');

-- --------------------------------------------------------

--
-- Table structure for table `tbl_product_master`
--

CREATE TABLE `tbl_product_master` (
  `product_id` int(11) NOT NULL,
  `product_name` varchar(100) NOT NULL,
  `product_details` varchar(300) NOT NULL,
  `product_price` int(11) NOT NULL,
  `product_image` varchar(150) NOT NULL,
  `product_quantity` int(11) NOT NULL,
  `sub_category_id` int(11) NOT NULL
) ENGINE=InnoDB DEFAULT CHARSET=latin1;

--
-- Dumping data for table `tbl_product_master`
--

INSERT INTO `tbl_product_master` (`product_id`, `product_name`, `product_details`, `product_price`, `product_image`, `product_quantity`, `sub_category_id`) VALUES
(1, 'Tistabene\r\nMen Red & Beige Comfort Slim Fit Printed Casual Shirt With Mask', 'Red and Beige printed casual shirt, has a mandarin collar, long sleeves, button placket, curved hem, and 1 patch pocket Comes with a mask.\r\n', 1106, 'red_shirt_with_mask.jpeg', 1, 6),
(4, 'GANT\r\nMen White Regular Fit Solid Casual Shirt', 'White solid casual shirt, has a button-down collar, long sleeves, button placket, and curved hem', 3499, 'white_shirt.jpg', 1, 6),
(5, 'Mast & Harbour\r\nMen Blue Slim Tapered Fit Mid-Rise Clean Look Stretchable Jeans', 'Blue medium wash 5-pocket mid-rise jeans, clean look with light fade, has a button and zip closure, waistband with belt loops', 509, 'jeans.jpg', 1, 2),
(6, 'Legend Essential Training Shoes', 'Wipe with a clean, dry cloth when needed\r\nFoam midsole\r\nTextile upper\r\nEnhanced traction pattern\r\nMesh upper for air flow\r\nPull-up tabs\r\nLace Fastening\r\n6-month warranty against manufacturing defects (not valid on more than 20% discounted products)\r\nRubber sole', 3596, '1612855923m3.webp', 2, 9),
(7, 'Victori One Sliders', 'Wipe with a clean, dry cloth when needed\r\nSynthetic rubber sole\r\n6-month warranty against manufacturing defects (not valid on more than 20% discounted products)\r\nSynthetic upper', 2095, '1612856010m4.webp', 5, 9),
(8, 'Striped Strappy Flared Dress', 'Machine wash\r\n100% Cotton', 1150, '1612856526w1.webp', 5, 8),
(9, 'Paisley Pattern Straight Kurta Set', 'We recommend you buy a size larger\r\nHand wash\r\nRayon\r\nKurta & Bottomwear\r\nRayon', 1209, '1612856609ws2.webp', 5, 8),
(10, 'High-Rise Skinny Jeans', 'Denim\r\nMachine wash cold\r\nHigh Rise', 864, '1612856740wj2.webp', 5, 7),
(11, 'Lightly Washed Mid-Rise Super Skinny Jeans', 'Zip fly with button closure\r\n5-pocket styling\r\nBelt loops\r\nMachine wash cold\r\nMid Rise\r\n98% cotton, 2% elastane', 1325, '1612856792wj3.webp', 5, 7),
(12, 'X9000L4 W Lace-Up Running Sports Shoes', 'Wipe with a clean, dry cloth when needed\r\nTextile upper\r\nLace Fastening\r\n3-month warranty against manufacturing defects\r\nRubber sole', 11899, '1612859382ms4.jpg', 5, 9),
(13, 'Heathered Shirt with Patch Pocket', 'Cotton\r\nRegular Fit\r\nMachine wash', 440, '1612859581ms2.jpg', 5, 6),
(14, 'Textured Pointed-Toe Sandals', 'Wipe with a clean, dry cloth when needed\r\nHeel height: 1.3 inches\r\nFaux leather upper\r\nRubber sole', 672, '1612859898wsh2.webp', 5, 10),
(15, 'Typographic Pattern Slides', 'Wipe with a clean, dry cloth when needed\r\nWomen Slipper\r\nTypographic\r\nPVC upper\r\nRubber sole', 374, '1612874755wf1.webp', 5, 11),
(16, 'Colourblock Running Sports Shoes', 'Wipe with a clean, dry cloth when needed\r\nLight-Weight & Comfortable Sports Shoes\r\nKnitting Fabric Sports Shoes\r\nFabric insole\r\nFabric upper\r\nPink\r\nRubber sole', 509, '1612875043wss1.webp', 5, 12),
(17, 'Leaf Print Flared Kurta', '100% Cotton\r\nMachine wash\r\nNo Darts', 740, '1612875464wd1.webp', 5, 13),
(18, 'Printed Cotton Flared Kurta', 'Assurance & Authenticity: Quality Satisfaction And Timely Delivery Are Assured. To Be Sure Of Authenticity, We Recommend You To Buy This Product From GULMOHAR JAIPUR Brand Only.\r\nCotton\r\nMachine wash\r\nNo Darts', 640, '1612875581wd2.webp', 5, 13),
(19, 'Diverse Men\'s Regular Fit Formal Shirt', 'Care Instructions: Machine Wash\r\nFit Type: Regular Fit\r\nRegular fit and Full sleeve shirt\r\nPattern - Printed Mens Formal Shirt\r\nDouble yoke for extra durability & stiffness; Patch pocket at chest\r\nMachine wash\r\nMade in India\r\nMaterial: 100% Cotton', 349, '1614752177s1.jpg', 6, 6);

-- --------------------------------------------------------

--
-- Table structure for table `tbl_product_photo`
--

CREATE TABLE `tbl_product_photo` (
  `product_photo_id` int(11) NOT NULL,
  `product_id` int(11) NOT NULL,
  `photo_path` varchar(100) NOT NULL
) ENGINE=InnoDB DEFAULT CHARSET=latin1;

--
-- Dumping data for table `tbl_product_photo`
--

INSERT INTO `tbl_product_photo` (`product_photo_id`, `product_id`, `photo_path`) VALUES
(1, 4, 'add_mans.jpg'),
(2, 4, 'amazon.png'),
(3, 5, 'cart_list.jpg'),
(4, 5, 'cart_list_2.jpg');

-- --------------------------------------------------------

--
-- Table structure for table `tbl_refund`
--

CREATE TABLE `tbl_refund` (
  `refund_id` int(11) NOT NULL,
  `user_id` int(11) NOT NULL,
  `order_id` int(11) NOT NULL,
  `refund_description` text COLLATE utf8_unicode_ci DEFAULT NULL
) ENGINE=InnoDB DEFAULT CHARSET=utf8 COLLATE=utf8_unicode_ci;

--
-- Dumping data for table `tbl_refund`
--

INSERT INTO `tbl_refund` (`refund_id`, `user_id`, `order_id`, `refund_description`) VALUES
(2, 32, 1, 'Test'),
(3, 129, 70, '');

-- --------------------------------------------------------

--
-- Table structure for table `tbl_shipping`
--

CREATE TABLE `tbl_shipping` (
  `shipping_id` int(11) NOT NULL,
  `order_id` int(11) NOT NULL,
  `shipping_name` varchar(100) NOT NULL,
  `shipping_mobile` varchar(100) NOT NULL,
  `shipping_address` varchar(100) NOT NULL
) ENGINE=InnoDB DEFAULT CHARSET=latin1;

--
-- Dumping data for table `tbl_shipping`
--

INSERT INTO `tbl_shipping` (`shipping_id`, `order_id`, `shipping_name`, `shipping_mobile`, `shipping_address`) VALUES
(1, 1, 'Akash', '9978621654', 'Test'),
(2, 2, 'Akash', '9978621654', 'Test'),
(3, 3, '1200', '200', '4'),
(4, 4, 'ankit', '9924087008', 'nikol'),
(5, 5, 'ankit', '9924087008', 'nikol'),
(6, 6, 'ankit', '9924087008', 'nikol'),
(7, 7, 'ankit', '9924087008', 'nikol'),
(8, 8, 'ankit', '9924087008', 'nikol'),
(9, 9, 'raj shah', '990901234', 'jodhpur'),
(10, 10, 'raj shah', '990901234', 'jodhpur'),
(11, 11, 'raj shah', '990901234', 'jodhpur'),
(12, 12, 'raj shah', '990901234', 'jodhpur'),
(13, 13, 'raj shah', '990901234', 'jodhpur'),
(14, 36, 'raj shah', '990901234', 'jodhpur'),
(15, 37, 'raj shah', '9909091234', 'jodhour'),
(16, 38, 'Ankit', '9924087008', 'Nikol'),
(17, 39, 'ankit', '9924087008', 'nikol'),
(18, 40, 'Ankit patel', '9924087008', '41,chanakiya park,Nikol gam,Ahmedabad,Gujarat,382350'),
(19, 41, 'Ankit', '9924087008', '41,Nikol,Ahmedabad,Gujarat,382350'),
(20, 42, 'Ankit', '9924087008', '41,Nikol,Ahmedabad,Gujarat,382350'),
(21, 43, 'Ankit', '9924087008', '41,Nikol,Ahmedabad,Gujarat,352350'),
(22, 44, 'Ronak', '9924087008', '21,Nikol,Ahmedabad,Gujarat,382350'),
(23, 45, 'Abav', '9633215467', 'Haa,Wbbab,Anaa,Gujarat,385624'),
(24, 46, 'Jsjd', '9865328754', 'Dhhdjdu,Dhdhud,Bdjdjd,Dhjdjdd,382350'),
(25, 47, 'Vasu', '7048390515', 'Hei,Djks,Ahmedabad,Jaj,362001'),
(26, 48, 'Vasu', '7048390515', 'Heud,Fnfkc,Xnjdk,Hxjxk,326001'),
(27, 49, 'Ahan', '9924087008', 'Bdbdb,Bdjsbs,Vshsbsh,Bshshs,382350'),
(28, 50, 'Gh', '6958585858', 'G,Hh,Ghh,Hh,382415'),
(29, 51, 'vasu', '7048390515', 'ahem'),
(30, 52, 'vasu', '7048390515', 'ahem'),
(31, 53, 'vasu', '7048390515', 'ahem'),
(32, 54, 'Itc8t', '7048390515', 'Tuxutx,Bjiyxiy,C8tc7t,X8c7,362001'),
(33, 55, 'Bkak', '7084390515', 'Jsjs,Isis,Sisi,Sjsi,362001'),
(34, 56, 'Bkak', '7084390515', 'Jsjs,Isis,Sisi,Sjsi,362001'),
(35, 57, 'Bkak', '7084390515', 'Jsjs,Isis,Sisi,Sjsi,362001'),
(36, 58, 'Bkak', '7084390515', 'Jsjs,Isis,Sisi,Sjsi,362001'),
(37, 59, 'Bkak', '7084390515', 'Jsjs,Isis,Sisi,Sjsi,362001'),
(38, 60, 'Bkak', '7084390515', 'Jsjs,Isis,Sisi,Sjsi,362001'),
(39, 61, 'Bkak', '7084390515', 'Jsjs,Isis,Sisi,Sjsi,362001'),
(40, 62, 'Bkak', '7084390515', 'Jsjs,Isis,Sisi,Sjsi,362001'),
(41, 63, 'Bkak', '7084390515', 'Jsjs,Isis,Sisi,Sjsi,362001'),
(42, 64, 'Bkak', '7084390515', 'Jsjs,Isis,Sisi,Sjsi,362001'),
(43, 65, 'Bkak', '7084390515', 'Jsjs,Isis,Sisi,Sjsi,362001'),
(44, 66, 'vasu', '7048390515', 'ahem'),
(45, 67, 'vasu', '7048390515', 'Zanazarda Road,Junagadh'),
(46, 68, 'vasu', '7048390515', 'Zanazarda Road,Junagadh-362001'),
(47, 69, 'vasu', '7048390515', 'Zanazarda Road,Junagadh-362001'),
(48, 70, 'vasu', '7048390515', 'jamnagar'),
(49, 71, 'yash', '7048390515', 'ahmedabad'),
(50, 72, 'nirali', '7048390515', 'jamnagar'),
(51, 73, 'jay', '9966885544', 'junagadh'),
(52, 74, 'vaus', '7048390515', 'ahmedabad'),
(53, 75, 'Test', '9586248516', 'Test,Test,Test,Test,380009'),
(54, 76, 'sdsaasd', '9456231846', 'dsdsf,dsfdsf,sfddfs,fdsdsf,382550'),
(55, 77, 'sdsaasd', '9456231846', 'dsdsf,dsfdsf,sfddfs,fdsdsf,382550'),
(56, 78, 'sdsaasd', '9456231846', 'dsdsf,dsfdsf,sfddfs,fdsdsf,382550'),
(57, 79, 'asdfs', '9846516452', 'asdsfd,asddsfs,adsfdas,df,998744'),
(58, 80, 'sdffdsfd', '9886455858', 'dsf,dsf,dsfdgf,dsfg,985555'),
(59, 81, 'sdffdsfd', '9886455858', 'dsf,dsf,dsfdgf,dsfg,985555'),
(60, 82, 'sdffdsfd', '9886455858', 'dsf,dsf,dsfdgf,dsfg,985555'),
(61, 83, 'sdffdsfd', '9886455858', 'dsf,dsf,dsfdgf,dsfg,985555'),
(62, 84, 'sdffdsfd', '9886455858', 'dsf,dsf,dsfdgf,dsfg,985555'),
(63, 85, 'saccs', '9321298451', 'a,csa,cas,sca,985628'),
(64, 86, 'saccs', '9321298451', 'a,csa,cas,sca,985628'),
(65, 87, 'saccs', '9321298451', 'a,csa,cas,sca,985628'),
(66, 88, 'saccs', '9321298451', 'a,csa,cas,sca,985628'),
(67, 89, 'sad', '9984653132', 'das,adsasd,adsdas,asddas,965231'),
(68, 90, 'sad', '9984653132', 'das,adsasd,adsdas,asddas,965231'),
(69, 91, 'yash', '7048390515', 'ahemdabad'),
(70, 92, 'yash', '7048690515', 'jnd'),
(71, 93, 'jay', '7048390515', 'junagadh'),
(72, 94, 'jay', '7048390515', 'jnd'),
(73, 95, 'j', '6464664661', 'sw'),
(74, 96, 'vasu', '8866772255', 'jetpur'),
(75, 97, 'happy', '9922664455', 'jnd'),
(76, 98, 'vasu', '7048390515', 'jnd'),
(77, 99, 'yash', '7048390515', 'ahmedabad'),
(78, 100, 'V g ', '9582585050', 'Bybby,G g gb, Gh by,Ghb,956508'),
(79, 101, 'V g ', '9582585050', 'Bybby,G g gb, Gh by,Ghb,956508'),
(80, 102, 'V g ', '9582585050', 'Bybby,G g gb, Gh by,Ghb,956508'),
(81, 103, 'Bdhd', '9765956598', 'Bxhx,Bdud,Dhdhud,Hdjdj,978767'),
(82, 104, 'Jf', '9535955659', 'Dhf,Ud,Dud,Bf,956595'),
(83, 105, 'Bsjsb', '9498464846', 'Hdjd,Hdhdh,Shudd,Ndjsjd,945464'),
(84, 106, 'Bsh', '9644864844', 'Bdh,Hdh,Bdhd,Jdh,934846'),
(85, 107, 'sdfds', '9865421453', 'f,dsf,dsf,fds,865432'),
(86, 108, 'test', '7878787878', 'test'),
(87, 109, 'vasu', '7048390515', 'ahemda'),
(88, 110, 'Bwbw', '9684348434', 'Nwnw,Nene,Bsns,Jjeje,984649'),
(89, 111, 'vasu', '7048390515', 'ahemdabad'),
(90, 112, 'vasu', '7048398515', 'jnd'),
(91, 113, 'yash', '7048390515', 'ahemdabad'),
(92, 114, 'vasu', '7048390515', 'jud'),
(93, 115, 'Bzn', '9484648461', 'Hdb,Jddj,Bdjd,Fnjd,964846'),
(94, 116, 'Test', '9467646464', 'Test,Test,Test,Test,979494'),
(95, 117, 'yash', '7878788765', 'jamnagar'),
(96, 118, 'test1', '7048390515', 'jnd'),
(97, 119, 'kishan', '6767679898', 'Pune'),
(98, 120, 'kishan', '6767679898', 'Pune'),
(99, 121, 'kishan', '6767679898', 'Pune'),
(100, 122, 'krishna', '6976438686', 'Ahmedabad'),
(101, 123, 'Nirali', '8683860306', 'Ahmedabad'),
(102, 124, 'parth', '6982525686', 'Mumbai'),
(103, 125, 'parth', '6982525686', 'Mumbai'),
(104, 126, 'parth', '6982525686', 'Mumbai'),
(105, 127, 'parth', '6982525686', 'Mumbai'),
(106, 128, 'parth', '6982525686', 'Mumbai'),
(107, 129, 'parth', '6982525686', 'Mumbai'),
(108, 130, 'parth', '6982525686', 'Mumbai'),
(109, 131, 'parth', '6982525686', 'Mumbai'),
(110, 132, 'parth', '6982525686', 'Mumbai'),
(111, 133, 'parth', '6982525686', 'Mumbai'),
(112, 134, 'parth', '6982525686', 'Mumbai'),
(113, 135, 'parth', '6982525686', 'Mumbai'),
(114, 136, 'parth', '6982525686', 'Mumbai'),
(115, 137, 'parth', '6982525686', 'Mumbai'),
(116, 138, 'parth', '6982525686', 'Mumbai'),
(117, 139, 'parth', '6982525686', 'Mumbai'),
(118, 140, 'parth', '6982525686', 'Mumbai'),
(119, 141, 'parth', '6982525686', 'Mumbai'),
(120, 142, 'parth', '6982525686', 'Mumbai'),
(121, 143, 'parth', '6982525686', 'Mumbai'),
(122, 144, 'parth', '6982525686', 'Mumbai'),
(123, 145, 'parth', '6982525686', 'Mumbai'),
(124, 146, 'parth', '6982525686', 'Mumbai'),
(125, 147, 'parth', '6982525686', 'Mumbai'),
(126, 148, 'parth', '6982525686', 'Mumbai'),
(127, 149, 'parth', '6982525686', 'Mumbai'),
(128, 150, 'parth', '6982525686', 'Mumbai'),
(129, 151, 'parth', '6982525686', 'Mumbai'),
(130, 152, 'parth', '6982525686', 'Mumbai'),
(131, 153, 'parth', '6982525686', 'Mumbai'),
(132, 154, 'parth', '6982525686', 'Mumbai'),
(133, 155, 'parth', '6982525686', 'Mumbai'),
(134, 156, 'parth', '6982525686', 'Mumbai'),
(135, 157, 'parth', '6982525686', 'Mumbai'),
(136, 158, 'parth', '6982525686', 'Mumbai'),
(137, 159, 'parth', '6982525686', 'Mumbai'),
(138, 160, 'parth', '6982525686', 'Mumbai'),
(139, 161, 'parth', '6982525686', 'Mumbai'),
(140, 162, 'parth', '6982525686', 'Mumbai'),
(141, 163, 'parth', '6982525686', 'Mumbai'),
(142, 164, 'parth', '6982525686', 'Mumbai'),
(143, 165, 'parth', '6982525686', 'Mumbai'),
(144, 166, 'parth', '6982525686', 'Mumbai'),
(145, 167, 'parth', '6982525686', 'Mumbai'),
(146, 168, 'parth', '6982525686', 'Mumbai'),
(147, 169, 'parth', '6982525686', 'Mumbai'),
(148, 170, 'parth', '6982525686', 'Mumbai'),
(149, 171, 'parth', '6982525686', 'Mumbai'),
(150, 172, 'parth', '6982525686', 'Mumbai'),
(151, 173, 'parth', '6982525686', 'Mumbai'),
(152, 174, 'parth', '6982525686', 'Mumbai'),
(153, 175, 'parth', '6982525686', 'Mumbai'),
(154, 176, 'parth', '6982525686', 'Mumbai'),
(155, 177, 'parth', '6982525686', 'Mumbai'),
(156, 178, 'parth', '6982525686', 'Mumbai'),
(157, 179, 'parth', '6982525686', 'Mumbai'),
(158, 180, 'parth', '6982525686', 'Mumbai'),
(159, 181, 'parth', '6982525686', 'Mumbai'),
(160, 182, 'parth', '6982525686', 'Mumbai'),
(161, 183, 'parth', '6982525686', 'Mumbai'),
(162, 184, 'parth', '6982525686', 'Mumbai'),
(163, 185, 'parth', '6982525686', 'Mumbai'),
(164, 186, 'parth', '6982525686', 'Mumbai'),
(165, 187, 'parth', '6982525686', 'Mumbai'),
(166, 188, 'parth', '6982525686', 'Mumbai'),
(167, 189, 'parth', '6982525686', 'Mumbai'),
(168, 190, 'parth', '6982525686', 'Mumbai'),
(169, 191, 'parth', '6982525686', 'Mumbai'),
(170, 192, 'parth', '6982525686', 'Mumbai'),
(171, 193, 'parth', '6982525686', 'Mumbai'),
(172, 194, 'parth', '6982525686', 'Mumbai'),
(173, 195, 'parth', '6982525686', 'Mumbai'),
(174, 196, 'parth', '6982525686', 'Mumbai'),
(175, 197, 'parth', '6982525686', 'Mumbai'),
(176, 198, 'parth', '6982525686', 'Mumbai'),
(177, 199, 'parth', '6982525686', 'Mumbai'),
(178, 200, 'parth', '6982525686', 'Mumbai'),
(179, 201, 'parth', '6982525686', 'Mumbai'),
(180, 202, 'parth', '6982525686', 'Mumbai'),
(181, 203, 'parth', '6982525686', 'Mumbai'),
(182, 204, 'parth', '6982525686', 'Mumbai'),
(183, 205, 'parth', '6982525686', 'Mumbai'),
(184, 206, 'parth', '6982525686', 'Mumbai'),
(185, 207, 'parth', '6982525686', 'Mumbai'),
(186, 208, 'parth', '6982525686', 'Mumbai'),
(187, 209, 'parth', '6982525686', 'Mumbai'),
(188, 210, 'parth', '6982525686', 'Mumbai'),
(189, 211, 'parth', '6982525686', 'Mumbai'),
(190, 212, 'parth', '6982525686', 'Mumbai'),
(191, 213, 'parth', '6982525686', 'Mumbai'),
(192, 214, 'parth', '6982525686', 'Mumbai'),
(193, 215, 'parth', '6982525686', 'Mumbai'),
(194, 216, 'parth', '6982525686', 'Mumbai'),
(195, 217, 'parth', '6982525686', 'Mumbai'),
(196, 218, 'parth', '6982525686', 'Mumbai'),
(197, 219, 'parth', '6982525686', 'Mumbai'),
(198, 220, 'parth', '6982525686', 'Mumbai'),
(199, 221, 'parth', '6982525686', 'Mumbai'),
(200, 222, 'parth', '6982525686', 'Mumbai'),
(201, 223, 'parth', '6982525686', 'Mumbai'),
(202, 224, 'parth', '6982525686', 'Mumbai'),
(203, 225, 'parth', '6982525686', 'Mumbai'),
(204, 226, 'parth', '6982525686', 'Mumbai'),
(205, 227, 'parth', '6982525686', 'Mumbai'),
(206, 228, 'parth', '6982525686', 'Mumbai'),
(207, 229, 'parth', '6982525686', 'Mumbai'),
(208, 230, 'parth', '6982525686', 'Mumbai'),
(209, 231, 'parth', '6982525686', 'Mumbai'),
(210, 232, 'parth', '6982525686', 'Mumbai'),
(211, 233, 'parth', '6982525686', 'Mumbai'),
(212, 234, 'parth', '6982525686', 'Mumbai'),
(213, 235, 'parth', '6982525686', 'Mumbai'),
(214, 236, 'parth', '6982525686', 'Mumbai'),
(215, 237, 'parth', '6982525686', 'Mumbai'),
(216, 238, 'parth', '6982525686', 'Mumbai'),
(217, 239, 'parth', '6982525686', 'Mumbai'),
(218, 240, 'parth', '6982525686', 'Mumbai'),
(219, 241, 'parth', '6982525686', 'Mumbai'),
(220, 242, 'parth', '6982525686', 'Mumbai'),
(221, 243, 'parth', '6982525686', 'Mumbai'),
(222, 244, 'parth', '6982525686', 'Mumbai'),
(223, 245, 'parth', '6982525686', 'Mumbai'),
(224, 246, 'parth', '6982525686', 'Mumbai'),
(225, 247, 'parth', '6982525686', 'Mumbai'),
(226, 248, 'parth', '6982525686', 'Mumbai'),
(227, 249, 'parth', '6982525686', 'Mumbai'),
(228, 250, 'parth', '6982525686', 'Mumbai'),
(229, 251, 'parth', '6982525686', 'Mumbai'),
(230, 252, 'parth', '6982525686', 'Mumbai'),
(231, 253, 'parth', '6982525686', 'Mumbai'),
(232, 254, 'parth', '6982525686', 'Mumbai'),
(233, 255, 'parth', '6982525686', 'Mumbai'),
(234, 256, 'parth', '6982525686', 'Mumbai'),
(235, 257, 'parth', '6982525686', 'Mumbai'),
(236, 258, 'parth', '6982525686', 'Mumbai'),
(237, 259, 'parth', '6982525686', 'Mumbai'),
(238, 260, 'parth', '6982525686', 'Mumbai'),
(239, 261, 'parth', '6982525686', 'Mumbai'),
(240, 262, 'parth', '6982525686', 'Mumbai'),
(241, 263, 'parth', '6982525686', 'Mumbai'),
(242, 264, 'parth', '6982525686', 'Mumbai'),
(243, 265, 'parth', '6982525686', 'Mumbai'),
(244, 266, 'parth', '6982525686', 'Mumbai'),
(245, 267, 'parth', '6982525686', 'Mumbai'),
(246, 268, 'parth', '6982525686', 'Mumbai'),
(247, 269, 'parth', '6982525686', 'Mumbai'),
(248, 270, 'parth', '6982525686', 'Mumbai'),
(249, 271, 'parth', '6982525686', 'Mumbai'),
(250, 272, 'parth', '6982525686', 'Mumbai'),
(251, 273, 'parth', '6982525686', 'Mumbai'),
(252, 274, 'parth', '6982525686', 'Mumbai'),
(253, 275, 'parth', '6982525686', 'Mumbai'),
(254, 276, 'parth', '6982525686', 'Mumbai'),
(255, 277, 'parth', '6982525686', 'Mumbai'),
(256, 278, 'parth', '6982525686', 'Mumbai'),
(257, 279, 'parth', '6982525686', 'Mumbai'),
(258, 280, 'parth', '6982525686', 'Mumbai'),
(259, 281, 'parth', '6982525686', 'Mumbai'),
(260, 282, 'parth', '6982525686', 'Mumbai'),
(261, 283, 'parth', '6982525686', 'Mumbai'),
(262, 284, 'parth', '6982525686', 'Mumbai'),
(263, 285, 'parth', '6982525686', 'Mumbai'),
(264, 286, 'parth', '6982525686', 'Mumbai'),
(265, 287, 'parth', '6982525686', 'Mumbai'),
(266, 288, 'parth', '6982525686', 'Mumbai'),
(267, 289, 'parth', '6982525686', 'Mumbai'),
(268, 290, 'parth', '6982525686', 'Mumbai'),
(269, 291, 'parth', '6982525686', 'Mumbai'),
(270, 292, 'parth', '6982525686', 'Mumbai'),
(271, 293, 'parth', '6982525686', 'Mumbai'),
(272, 294, 'parth', '6982525686', 'Mumbai'),
(273, 295, 'parth', '6982525686', 'Mumbai'),
(274, 296, 'parth', '6982525686', 'Mumbai'),
(275, 297, 'parth', '6982525686', 'Mumbai'),
(276, 298, 'parth', '6982525686', 'Mumbai'),
(277, 299, 'parth', '6982525686', 'Mumbai'),
(278, 300, 'parth', '6982525686', 'Mumbai'),
(279, 301, 'parth', '6982525686', 'Mumbai'),
(280, 302, 'parth', '6982525686', 'Mumbai'),
(281, 303, 'parth', '6982525686', 'Mumbai'),
(282, 304, 'parth', '6982525686', 'Mumbai'),
(283, 305, 'parth', '6982525686', 'Mumbai'),
(284, 306, 'parth', '6982525686', 'Mumbai'),
(285, 307, 'parth', '6982525686', 'Mumbai'),
(286, 308, 'parth', '6982525686', 'Mumbai'),
(287, 309, 'parth', '6982525686', 'Mumbai'),
(288, 310, 'parth', '6982525686', 'Mumbai'),
(289, 311, 'parth', '6982525686', 'Mumbai'),
(290, 312, 'parth', '6982525686', 'Mumbai'),
(291, 313, 'parth', '6982525686', 'Mumbai'),
(292, 314, 'parth', '6982525686', 'Mumbai'),
(293, 315, 'parth', '6982525686', 'Mumbai'),
(294, 316, 'parth', '6982525686', 'Mumbai'),
(295, 317, 'parth', '6982525686', 'Mumbai'),
(296, 318, 'parth', '6982525686', 'Mumbai'),
(297, 319, 'parth', '6982525686', 'Mumbai'),
(298, 320, 'parth', '6982525686', 'Mumbai'),
(299, 321, 'parth', '6982525686', 'Mumbai'),
(300, 322, 'parth', '6982525686', 'Mumbai'),
(301, 323, 'parth', '6982525686', 'Mumbai'),
(302, 324, 'parth', '6982525686', 'Mumbai'),
(303, 325, 'parth', '6982525686', 'Mumbai'),
(304, 326, 'parth', '6982525686', 'Mumbai'),
(305, 327, 'parth', '6982525686', 'Mumbai'),
(306, 328, 'parth', '6982525686', 'Mumbai'),
(307, 329, 'parth', '6982525686', 'Mumbai'),
(308, 330, 'parth', '6982525686', 'Mumbai'),
(309, 331, 'parth', '6982525686', 'Mumbai'),
(310, 332, 'parth', '6982525686', 'Mumbai'),
(311, 333, 'parth', '6982525686', 'Mumbai'),
(312, 334, 'parth', '6982525686', 'Mumbai'),
(313, 335, 'parth', '6982525686', 'Mumbai'),
(314, 336, 'parth', '6982525686', 'Mumbai'),
(315, 337, 'parth', '6982525686', 'Mumbai'),
(316, 338, 'parth', '6982525686', 'Mumbai'),
(317, 339, 'parth', '6982525686', 'Mumbai'),
(318, 340, 'parth', '6982525686', 'Mumbai'),
(319, 341, 'parth', '6982525686', 'Mumbai'),
(320, 342, 'parth', '6982525686', 'Mumbai'),
(321, 343, 'parth', '6982525686', 'Mumbai'),
(322, 344, 'parth', '6982525686', 'Mumbai'),
(323, 345, 'parth', '6982525686', 'Mumbai'),
(324, 346, 'parth', '6982525686', 'Mumbai'),
(325, 347, 'parth', '6982525686', 'Mumbai'),
(326, 348, 'parth', '6982525686', 'Mumbai'),
(327, 349, 'parth', '6982525686', 'Mumbai'),
(328, 350, 'parth', '6982525686', 'Mumbai'),
(329, 351, 'parth', '6982525686', 'Mumbai'),
(330, 352, 'parth', '6982525686', 'Mumbai'),
(331, 353, 'parth', '6982525686', 'Mumbai'),
(332, 354, 'parth', '6982525686', 'Mumbai'),
(333, 355, 'parth', '6982525686', 'Mumbai'),
(334, 356, 'parth', '6982525686', 'Mumbai'),
(335, 357, 'parth', '6982525686', 'Mumbai'),
(336, 358, 'parth', '6982525686', 'Mumbai'),
(337, 359, 'parth', '6982525686', 'Mumbai'),
(338, 360, 'parth', '6982525686', 'Mumbai'),
(339, 361, 'parth', '6982525686', 'Mumbai'),
(340, 362, 'parth', '6982525686', 'Mumbai'),
(341, 363, 'parth', '6982525686', 'Mumbai'),
(342, 364, 'parth', '6982525686', 'Mumbai'),
(343, 365, 'parth', '6982525686', 'Mumbai'),
(344, 366, 'parth', '6982525686', 'Mumbai'),
(345, 367, 'parth', '6982525686', 'Mumbai'),
(346, 368, 'parth', '6982525686', 'Mumbai'),
(347, 369, 'parth', '6982525686', 'Mumbai'),
(348, 370, 'parth', '6982525686', 'Mumbai'),
(349, 371, 'parth', '6982525686', 'Mumbai'),
(350, 372, 'parth', '6982525686', 'Mumbai'),
(351, 373, 'parth', '6982525686', 'Mumbai'),
(352, 374, 'parth', '6982525686', 'Mumbai'),
(353, 375, 'parth', '6982525686', 'Mumbai'),
(354, 376, 'parth', '6982525686', 'Mumbai'),
(355, 377, 'parth', '6982525686', 'Mumbai'),
(356, 378, 'parth', '6982525686', 'Mumbai'),
(357, 379, 'parth', '6982525686', 'Mumbai'),
(358, 380, 'parth', '6982525686', 'Mumbai'),
(359, 381, 'parth', '6982525686', 'Mumbai'),
(360, 382, 'parth', '6982525686', 'Mumbai'),
(361, 383, 'parth', '6982525686', 'Mumbai'),
(362, 384, 'parth', '6982525686', 'Mumbai'),
(363, 385, 'parth', '6982525686', 'Mumbai'),
(364, 386, 'parth', '6982525686', 'Mumbai'),
(365, 387, 'parth', '6982525686', 'Mumbai'),
(366, 388, 'parth', '6982525686', 'Mumbai'),
(367, 389, 'parth', '6982525686', 'Mumbai'),
(368, 390, 'parth', '6982525686', 'Mumbai'),
(369, 391, 'parth', '6982525686', 'Mumbai'),
(370, 392, 'parth', '6982525686', 'Mumbai'),
(371, 393, 'parth', '6982525686', 'Mumbai'),
(372, 394, 'parth', '6982525686', 'Mumbai'),
(373, 395, 'parth', '6982525686', 'Mumbai'),
(374, 396, 'parth', '6982525686', 'Mumbai'),
(375, 397, 'parth', '6982525686', 'Mumbai'),
(376, 398, 'parth', '6982525686', 'Mumbai'),
(377, 399, 'parth', '6982525686', 'Mumbai'),
(378, 400, 'parth', '6982525686', 'Mumbai'),
(379, 401, 'parth', '6982525686', 'Mumbai'),
(380, 402, 'parth', '6982525686', 'Mumbai'),
(381, 403, 'parth', '6982525686', 'Mumbai'),
(382, 404, 'parth', '6982525686', 'Mumbai'),
(383, 405, 'parth', '6982525686', 'Mumbai'),
(384, 406, 'parth', '6982525686', 'Mumbai'),
(385, 407, 'parth', '6982525686', 'Mumbai'),
(386, 408, 'parth', '6982525686', 'Mumbai'),
(387, 409, 'parth', '6982525686', 'Mumbai'),
(388, 410, 'parth', '6982525686', 'Mumbai'),
(389, 411, 'parth', '6982525686', 'Mumbai'),
(390, 412, 'parth', '6982525686', 'Mumbai'),
(391, 413, 'parth', '6982525686', 'Mumbai'),
(392, 414, 'parth', '6982525686', 'Mumbai'),
(393, 415, 'parth', '6982525686', 'Mumbai'),
(394, 416, 'parth', '6982525686', 'Mumbai'),
(395, 417, 'parth', '6982525686', 'Mumbai'),
(396, 418, 'parth', '6982525686', 'Mumbai'),
(397, 419, 'parth', '6982525686', 'Mumbai'),
(398, 420, 'parth', '6982525686', 'Mumbai'),
(399, 421, 'parth', '6982525686', 'Mumbai'),
(400, 422, 'parth', '6982525686', 'Mumbai'),
(401, 423, 'parth', '6982525686', 'Mumbai'),
(402, 424, 'parth', '6982525686', 'Mumbai'),
(403, 425, 'parth', '6982525686', 'Mumbai'),
(404, 426, 'parth', '6982525686', 'Mumbai'),
(405, 427, 'parth', '6982525686', 'Mumbai'),
(406, 428, 'parth', '6982525686', 'Mumbai'),
(407, 429, 'parth', '6982525686', 'Mumbai'),
(408, 430, 'parth', '6982525686', 'Mumbai'),
(409, 431, 'parth', '6982525686', 'Mumbai'),
(410, 432, 'parth', '6982525686', 'Mumbai'),
(411, 433, 'parth', '6982525686', 'Mumbai'),
(412, 434, 'parth', '6982525686', 'Mumbai'),
(413, 435, 'parth', '6982525686', 'Mumbai'),
(414, 436, 'parth', '6982525686', 'Mumbai'),
(415, 437, 'parth', '6982525686', 'Mumbai'),
(416, 438, 'parth', '6982525686', 'Mumbai'),
(417, 439, 'parth', '6982525686', 'Mumbai'),
(418, 440, 'parth', '6982525686', 'Mumbai'),
(419, 441, 'parth', '6982525686', 'Mumbai'),
(420, 442, 'parth', '6982525686', 'Mumbai'),
(421, 443, 'parth', '6982525686', 'Mumbai'),
(422, 444, 'parth', '6982525686', 'Mumbai'),
(423, 445, 'parth', '6982525686', 'Mumbai'),
(424, 446, 'parth', '6982525686', 'Mumbai'),
(425, 447, 'parth', '6982525686', 'Mumbai'),
(426, 448, 'parth', '6982525686', 'Mumbai'),
(427, 449, 'parth', '6982525686', 'Mumbai'),
(428, 450, 'shivani', '6986568686', 'Anand'),
(429, 451, 'soham', '9898561285', 'Gandhinagar'),
(430, 452, 'Ketan', '9686868685', 'Jamnagar'),
(431, 453, 'Viki', '8986838688', 'Jamnagar'),
(432, 454, 'vasu', '6868699996', 'jamnagar'),
(433, 455, 'vasu', '8986868686', 'Ahmedabad'),
(434, 456, 'Nija', '6986868689', 'Rajkot'),
(435, 457, 'teat', '8686868686', 'Ahmedabad'),
(436, 458, 'teat', '8686868686', 'Ahmedabad'),
(437, 459, 'yash', '6986486868', 'Ahmedabad'),
(438, 460, 'T', '9698256665', 'T,T,T,T,222226'),
(439, 461, 'tirth', '9683538686', 'Anand'),
(440, 462, 'yash', '8686868606', 'Ahmedabad'),
(441, 464, 'yash', '8686868606', 'Ahmedabad'),
(442, 463, 'yash', '8686868606', 'Ahmedabad'),
(443, 465, 'yash', '8686868606', 'Ahmedabad'),
(444, 466, 'yash', '8686868606', 'Ahmedabad'),
(445, 467, 'yash', '8686868606', 'Ahmedabad'),
(446, 468, 'nirali', '9686868686', 'Jamnagar'),
(447, 469, 'testytt', '1234567892', 'Gujrat'),
(448, 470, 'vasu patel', '7048390155', 'junagadh gujrat'),
(449, 471, 'niraj', '6956858685', 'Krishnanagar'),
(450, 472, 'kkkkk', '8686868689', 'Ahmedabad'),
(451, 473, 'jinal', '6986886565', 'Baroda'),
(452, 474, 'testtt', '7008889996', 'maharashtra'),
(453, 475, 'kavan', '6976768686', 'Jamnagar'),
(454, 476, 'urja', '8686868686', 'jamnagar'),
(455, 477, 'text', '7686868686', 'Jamnagar'),
(456, 478, 'vasu', '7408390155', 'jnd');

-- --------------------------------------------------------

--
-- Table structure for table `tbl_sub_category`
--

CREATE TABLE `tbl_sub_category` (
  `sub_category_id` int(11) NOT NULL,
  `sub_category_name` varchar(100) NOT NULL,
  `category_id` int(11) NOT NULL,
  `sub_category_image` varchar(150) NOT NULL DEFAULT 'noimage.png'
) ENGINE=InnoDB DEFAULT CHARSET=latin1;

--
-- Dumping data for table `tbl_sub_category`
--

INSERT INTO `tbl_sub_category` (`sub_category_id`, `sub_category_name`, `category_id`, `sub_category_image`) VALUES
(2, 'Jeans', 1, 'jean_sub_cat.jpg'),
(6, 'Shirts', 1, '1612859510ms1.webp'),
(7, 'Woman Jeans', 2, '1612856197wj1.webp'),
(8, 'Woman Shirts', 2, '1612856244ws1.webp'),
(9, 'Sports Shoes', 3, '1612856396mss1.webp'),
(10, 'Heeled Sandals', 4, '1612859806wsh1.webp'),
(11, 'Flip Flop & Slippers', 4, 'noimage.png'),
(12, 'Sports Shoe', 4, 'noimage.png'),
(13, 'Dress', 2, 'noimage.png');

-- --------------------------------------------------------

--
-- Table structure for table `tbl_user_master`
--

CREATE TABLE `tbl_user_master` (
  `user_id` int(11) NOT NULL,
  `user_name` varchar(100) NOT NULL,
  `user_gender` varchar(30) NOT NULL,
  `user_email` varchar(200) NOT NULL,
  `user_mobile` bigint(12) NOT NULL,
  `user_password` varchar(50) NOT NULL,
  `user_address` varchar(250) NOT NULL,
  `user_photo` varchar(100) NOT NULL DEFAULT 'noimage.png',
  `mobile_otp` varchar(20) DEFAULT NULL
) ENGINE=InnoDB DEFAULT CHARSET=latin1;

--
-- Dumping data for table `tbl_user_master`
--

INSERT INTO `tbl_user_master` (`user_id`, `user_name`, `user_gender`, `user_email`, `user_mobile`, `user_password`, `user_address`, `user_photo`, `mobile_otp`) VALUES
(1, 'Taksh', 'Male', 'taksh@gmail.com', 7475742516, 'taksh@123', 'Paldi', 'anc.png', NULL),
(23, 'prince', 'Male', 'rohan@gmail.com', 9909901232, 'rohan@45', 'jp', '161492775722-223965_no-profile-picture-icon-circle-member-icon-png.png', ''),
(24, 'rajvi', 'Male', 'rajvi@gmail.com', 1234567890, '1234', 'pakistani', 'noimage.png', ''),
(25, 'jay', 'Male', 'jay12@gmail.com', 1234567890, '1234', 'usa', 'noimage.png', ''),
(26, 'rajvi ', 'Female', 'rajvikothari12@gmail.com', 191990964, '1234', 'paldi', 'noimage.png', NULL),
(27, 'rajvi ', 'Female', 'rajvikothari12@gmail.com', 191990964, '1234', 'paldi', 'noimage.png', NULL),
(28, 'tax', 'Male', 'tax@gmail.com', 8780938970, '123', 'abc', 'noimage.png', NULL),
(29, 'nihari', 'Female', 'nihari@gmail.com', 191990964, '123', 'mahetaliya house', 'noimage.png', NULL),
(30, 'pari', 'Female', 'p@gmail.com', 1111115555, '1234', 'ahmadabad', 'noimage.png', NULL),
(31, 'test', 'Male', 'test@test.test', 1234567890, '12345', 'qwertyuiop', 'noimage.png', ''),
(32, 'Pranshu', 'Male', 'paranshu@gmail.com', 98989898, 'pranshu@123', 'Paldi', 'noimage.png', NULL),
(33, 'prince', 'Male', 'pareshjthakor3181@gmail.com', 9687909130, 'Prince', 'jodhpur', 'noimage.png', ''),
(34, '1', '1', '1', 1, '1', '1', 'noimage.png', NULL),
(35, 'Jay', 'male', 'jay@gmail.com', 8758567361, 'Jay@123', 'bodakdev, Ahemdabad', 'noimage.png', '561567'),
(36, 'abc', 'male', 'abc@gmail.com', 987987, 'abc123', 'asdv123', 'noimage.png', NULL),
(37, 'Jay', 'male', 'jay@gmail.com', 8758567361, 'Jay@123', 'bodakdev, Ahemdabad', 'noimage.png', '561567'),
(38, 'Jayraj', 'male', 'jayraj@gmail.com', 9872525689, 'jayraj@123', 'ghatlodiya, ahemdabad', 'noimage.png', NULL),
(39, 'Jay', 'male', 'jay@gmail.com', 8758567361, 'Jay@123', 'bodakdev, Ahemdabad', 'noimage.png', '561567'),
(40, 'Jay', 'male', 'jay@gmail.com', 8758567361, 'Jay@123', 'bodakdev, Ahemdabad', 'noimage.png', '561567'),
(41, 'Jay', 'male', 'jay@gmail.com', 8758567361, 'Jay@123', 'bodakdev, Ahemdabad', 'noimage.png', '561567'),
(42, 'prakash	', 'male', 'jay@gmail.com', 0, '9870002593', 'Bodakdev, Ahemdabad', 'noimage.png', NULL),
(43, 'prakash	', 'male', 'jay@gmail.com', 0, '9870002593', 'Bodakdev, Ahemdabad', 'noimage.png', NULL),
(44, 'prakash	', 'male', 'jay@gmail.com', 0, '9870002593', 'Bodakdev, Ahemdabad', 'noimage.png', NULL),
(45, 'prakash	', 'male', 'jay@gmail.com', 0, '9870002593', 'Bodakdev, Ahemdabad', 'noimage.png', NULL),
(46, 'prakash	', 'male', 'jay@gmail.com', 0, '9870002593', 'Bodakdev, Ahemdabad', 'noimage.png', NULL),
(47, 'prakash', 'male', 'prakash@gmail.com', 0, '9870002592', 'Bodakdev, Ahemdabad', 'noimage.png', NULL),
(48, 'prakash', 'male', 'prakash@gmail.com', 0, '9870002563', 'Bodakdev, Ahemdabad', 'noimage.png', NULL),
(49, 'ram shah', 'Male', 'ram@gmail.com', 9909901234, 'ram123', 'jodhpur', 'noimage.png', ''),
(50, 'prince', 'male', 'pareshjthakor3181@gmail.com', 990901234, 'prince', 'jodhpur', 'noimage.png', NULL),
(51, 'ram shah', 'Male', 'ram@gmail.com', 9909901234, 'ram123', 'jodhpur', 'noimage.png', ''),
(52, 'ravi shah', 'Male', 'ravi@gmail.com', 9909901234, 'ravi123', 'jodhpur', 'noimage.png', ''),
(53, 'ravi shah', 'Male', 'ravi@gmail.com', 9909901234, 'ravi123', 'jodhpur', 'noimage.png', ''),
(54, 'pavan shah', 'Male', 'pavan@gmail.com', 9909901234, 'ravi123', 'jodhpur', 'noimage.png', ''),
(55, 'pavan shah', 'Male', 'pavan@gmail.com', 9909901234, 'ravi123', 'jodhpur', 'noimage.png', ''),
(56, 'ravi shah', 'Male', 'ravi@gmail.com', 9909901234, 'ravi123', 'jodhpur', 'noimage.png', ''),
(59, 'ronak', 'male', 'ronak@gmail.com', 8200493251, '@ronak123', 'nikol', 'noimage.png', NULL),
(60, 'ronak', 'male', 'ronak@gmail.com', 8200493251, '@ronak123', 'nikol', 'noimage.png', NULL),
(61, 'ronak', 'male', 'ronak@gmail.com', 8200493251, '@ronak123', 'nikol', 'noimage.png', NULL),
(62, 'ronak', 'male', 'ronak@gmail.com', 8200493251, '@ronak123', 'nikol', 'noimage.png', NULL),
(63, 'ronak', 'male', 'ronak@gmail.com', 8200493251, '@ronak123', 'nikol', 'noimage.png', NULL),
(64, 'ronak', 'male', 'ronak@gmail.com', 8200493251, '@ronak123', 'nikol', 'noimage.png', NULL),
(65, 'ronak', 'male', 'ronak@gmail.com', 8200493251, '@ronak123', 'nikol', 'noimage.png', NULL),
(66, 'jigar111', 'male', 'jigar@gmail.com', 1234567890, '123456', 'ahmedabad', 'noimage.png', ''),
(67, 'Optional(\"\")', 'Optional(\"\")', 'Optional(\"\")', 0, 'Optional(\"\")', 'Optional(\"\")', 'noimage.png', NULL),
(68, 'Optional(\"\")', 'Optional(\"\")', 'Optional(\"\")', 0, 'Optional(\"\")', 'Optional(\"\")', 'noimage.png', NULL),
(69, 'Optional(\"\")', 'Optional(\"\")', 'Optional(\"\")', 0, 'Optional(\"\")', 'Optional(\"\")', 'noimage.png', NULL),
(70, 'Optional(\"\")', 'Optional(\"\")', 'Optional(\"\")', 0, 'Optional(\"\")', 'Optional(\"\")', 'noimage.png', NULL),
(71, 'Optional(\"\")', 'Optional(\"\")', 'Optional(\"\")', 0, 'Optional(\"\")', 'Optional(\"\")', 'noimage.png', NULL),
(72, 'Optional(\"Dilip\")', 'Optional(\"Male\")', 'Optional(\"Dilip@gmail.com\")', 0, 'Optional(\"123456\")', 'Optional(\"surat\")', 'noimage.png', NULL),
(73, 'Optional(\"Dilip\")', 'Optional(\"Male\")', 'Optional(\"Dilip@gmail.com\")', 0, 'Optional(\"123456\")', 'Optional(\"mehsana\")', 'noimage.png', NULL),
(74, 'Optional(\"Dilip\")', 'Optional(\"Male\")', 'Optional(\"Dilip@gmail.com\")', 0, 'Optional(\"123456\")', 'Optional(\"surat\")', 'noimage.png', NULL),
(75, 'Optional(\"Dilip\")', 'Optional(\"Male\")', 'Optional(\"Dilip@gmail.com\")', 0, 'Optional(\"123456\")', 'Optional(\"Ahmedabad\")', 'noimage.png', NULL),
(76, 'Optional(\"dilip\")', 'Optional(\"male\")', 'Optional(\"dilip@gmail.com\")', 0, 'Optional(\"123456\")', 'Optional(\"surat\")', 'noimage.png', NULL),
(77, 'Optional(\"dilip\")', 'Optional(\"male\")', 'Optional(\"dilip@gmail.com\")', 0, 'Optional(\"123456\")', 'Optional(\"surat\")', 'noimage.png', NULL),
(78, 'Optional(\"dilip\")', 'Optional(\"male\")', 'Optional(\"dilip@gmail.com\")', 0, 'Optional(\"123456\")', 'Optional(\"Surat\")', 'noimage.png', NULL),
(79, 'Optional(\"dilip\")', 'Optional(\"male\")', 'Optional(\"dilip@gmail.com\")', 0, 'Optional(\"123456\")', 'Optional(\"Surat\")', 'noimage.png', NULL),
(80, 'Optional(\"Dilip\")', 'Optional(\"Male\")', 'Optional(\"Dilip@gmail.com\")', 0, 'Optional(\"123456\")', 'Optional(\"ahmedabad\")', 'noimage.png', NULL),
(81, 'Optional(\"Dilip\")', 'Optional(\"Male\")', 'Optional(\"Dilip@gmail.com\")', 0, 'Optional(\"123456\")', 'Optional(\"Ahmedabad\")', 'noimage.png', NULL),
(82, 'Dilip', 'male', 'Dilip@gmail.com', 1234567890, '123456', 'ahmedabad', 'noimage.png', ''),
(83, 'jig', 'M', 'j@gmail.com', 123456789, '1234567', 'ajnjfdsf', 'noimage.png', NULL),
(84, 'ronak', 'male', 'ronak@gmail.com', 8200493251, '@ronak123', 'nikol', 'noimage.png', NULL),
(85, 'ronak', 'male', 'ronak@gmail.com', 8200493251, '@ronak123', 'nikol', 'noimage.png', NULL),
(86, 'ronak', 'male', 'ronak@gmail.com', 8200493251, '@ronak123', 'nikol', 'noimage.png', NULL),
(87, 'viral', 'female', 'viral@gmail.com', 9099909990, 'viral@123', 'ahmedabad', 'noimage.png', NULL),
(88, 'viral', 'Female', 'viral@gmail.com', 9099909990, 'viral1823', 'ahmedabad', 'noimage.png', NULL),
(89, 'ravi patel', 'male', 'ravi123@gmail.com', 9909902323, 'ravi123', 'jodhpur', 'noimage.png', ''),
(90, 'dilip', 'male', 'dilip@gmail.com', 9824034360, '123456', 'ahmedabad', 'noimage.png', NULL),
(91, 'dilip', 'male', 'dilip@gmail.com', 9824034360, '123456', 'ahmedabad', 'noimage.png', NULL),
(92, 'dilip', 'male', 'dilip@gmail.com', 9824034360, '123456', 'ahmedabad', 'noimage.png', NULL),
(93, 'dilip', 'male', 'dilip@gmail.com', 9824034360, '123456', 'Ahmedabad', 'noimage.png', NULL),
(94, 'dilip', 'male', 'dilip@gmail.com', 9824034360, '123456', 'Ahmedabad', 'noimage.png', NULL),
(96, 'dilip', 'male', 'mistridilip47@gmail.com', 9824034360, '123456', 'mehsana', 'noimage.png', NULL),
(97, 'Prakash	', 'male', 'prakash@gmail.com', 0, '9870002593', 'B-1001, Pakwan Bodakdev, 380054', 'noimage.png', NULL),
(101, '1', '1', '1', 1, '1', '1', 'noimage.png', NULL),
(103, 'Ankit Patel', 'Male', 'ankit7225@gmail.com', 9924087008, '@ankit123', 'Nikol', '1615448989image.jpg', '243208'),
(105, 'Raj', 'Male', 'raj@gmail.com', 9865327845, '@raj1234', 'Bapunagar', 'noimage.png', NULL),
(106, 'Raj', 'Male', 'raj@gmail.com', 9865327845, '@raj1234', 'Bapunagar', 'noimage.png', NULL),
(107, 'Raj', 'Male', 'raj@gmail.com', 9865327845, '@raj1234', 'Bapunagar', 'noimage.png', NULL),
(108, 'Raj', 'Male', 'raj@gmail.com', 9865327845, '@raj1234', 'Bapunagar', 'noimage.png', NULL),
(109, 'Jay', 'Male', 'jay@gmail.com', 9865328754, '@jay1234', 'Nikol', 'noimage.png', NULL),
(110, 'gaurav', 'Male', 'gaurav@gmail.com', 1234567890, 'v@12345678', 'ahmedabad', 'noimage.png', ''),
(111, 'Kevin', 'male', 'k@k.com', 123, '123', 'a123', 'noimage.png', NULL),
(112, 'ankit', 'male', 'ankit72255@gmail.com', 1234567890, '@ankit1234', 'navaraangpura', 'noimage.png', ''),
(113, 'ankit', 'male', 'ankit72255@gmail.com', 1234567890, '@ankit1234', 'navaraangpura', 'noimage.png', ''),
(114, 'Rabadi', 'Female', 'rabadi@gmail.com', 9865328754, '@ankit123', 'Navarang', 'noimage.png', NULL),
(115, 'vasu', 'Male', 'vasu@gmail.com', 7048390515, '123', 'abc', 'noimage.png', ''),
(116, 'nirali', 'Female', 'nirali@gmail.com', 1122334455, '123', 'bnkl', 'noimage.png', NULL),
(117, 'nirali', 'Female', 'nirali@gmail.com', 7698557322, '123', '123', 'noimage.png', '559546'),
(118, 'Niks', 'M', 'niks@gmail.com', 9595959595, '123', 'Ahmedabad', 'noimage.png', NULL),
(119, 'Nirali', 'Female', 'ni23@gmail.com', 9098654321, '1234', 'Rajkot', 'noimage.png', NULL),
(120, 'jay', 'Male', 'jay@gmail.com', 7048390515, '123', 'ahmedabad', 'noimage.png', ''),
(121, 'jay', 'Male', 'jay@gmail.com', 7048390515, '123', 'ahmedabad', 'noimage.png', ''),
(123, 'Shivani Thakkar', 'Female', 'shivani09@gmail.com', 6969685121, '12345678', 'Anand', 'noimage.png', NULL),
(124, 'vasu patel', 'male', 'vasup1041@gmail.com', 7048390515, '123', 'ahemd', 'noimage.png', ''),
(125, 'test', 'Male', 'vasup1041@gmail.com', 7048390515, 'vasu123', 'ahmedabad', 'noimage.png', ''),
(126, 'Vasu', 'Male', 'Vasu@gmail.com', 7048390515, 'Vasu123@', 'Ahemdabad', 'noimage.png', ''),
(127, 'vasu', '', 'Test@gmail.com', 0, 'vasu123', '', 'noimage.png', NULL),
(128, 'vasu', 'Male', 'vasup1041@gmail.com', 7048390515, '123', 'Ahmedabad ', 'noimage.png', ''),
(129, 'Test1', 'Male', 'Test1@gmail.com', 7048390515, '123', 'ahemdabad', 'noimage.png', ''),
(130, 'nirali', 'Female', 'yash@gmail.com', 6868686899, 'abc', 'Jamnagar', 'noimage.png', ''),
(131, 'Akash', 'Male', 'akash@rsp.com', 132456789, '123', 'ddf', 'noimage.png', NULL),
(132, 'Akash', 'Male', 'akash@rsp.com', 132456789, '123', 'ddf', 'noimage.png', NULL),
(133, 'Ankit Patel', '', 'ankitpatelj7225@gmail.com', 8200493255, '', 'nikol', '1615200556image.jpg', NULL),
(134, 'RAVAN LOL', '', 'ankitpatelj83@gmail.com', 9846528945, '', 'Nikol', '1615203840image.jpg', NULL),
(135, 'Ankit Patel', '', 'null', 0, '', '', '1615205731image.jpg', NULL),
(136, 'vasu', 'Male', 'vasu@gmail.com', 7048390515, 'vasu123', 'junagadh', 'noimage.png', NULL);

-- --------------------------------------------------------

--
-- Table structure for table `tbl_user_register`
--

CREATE TABLE `tbl_user_register` (
  `user_register_id` int(11) NOT NULL,
  `user_register_name` varchar(200) NOT NULL,
  `user_register_email` varchar(200) NOT NULL,
  `user_register_mobile_no` varchar(20) NOT NULL,
  `user_register_uid` varchar(200) NOT NULL,
  `user_register_profile` text DEFAULT NULL,
  `user_register_password` varchar(200) NOT NULL
) ENGINE=InnoDB DEFAULT CHARSET=utf8mb4;

--
-- Dumping data for table `tbl_user_register`
--

INSERT INTO `tbl_user_register` (`user_register_id`, `user_register_name`, `user_register_email`, `user_register_mobile_no`, `user_register_uid`, `user_register_profile`, `user_register_password`) VALUES
(1, '', 'raj@gmail.com', '', '', '', '1234'),
(2, 'ravi shah', 'ravi@gmail.com', '990901234', '123', 'https://lh5.googleusercontent.com/-QKsLFpT68fQ/AAAAAAAAAAI/AAAAAAAAAAA/AMZuucmKfnRO2FgFBXdwDI5cn90FSz6sZA/s96-c/photo.jpg', '13213'),
(3, 'Ankit Patel', 'undefined', 'null', '3wyZeUYVIwSRdgrjLKM8GXF5cHS2', 'https://graph.facebook.com/2877725899148945/picture', ''),
(4, 'Ankit Patel', 'ankitpatelj7225@gmail.com', 'null', '3wyZeUYVIwSRdgrjLKM8GXF5cHS2', 'https://graph.facebook.com/2877725899148945/picture', ''),
(5, 'RAVAN LOL', 'ankitpatelj83@gmail.com', 'null', 'fse5By2wi0dey2WxeDUTYkkKokq2', 'https://lh5.googleusercontent.com/-QKsLFpT68fQ/AAAAAAAAAAI/AAAAAAAAAAA/AMZuucmKfnRO2FgFBXdwDI5cn90FSz6sZA/s96-c/photo.jpg', '');

--
-- Indexes for dumped tables
--

--
-- Indexes for table `tbl_admin`
--
ALTER TABLE `tbl_admin`
  ADD PRIMARY KEY (`admin_id`);

--
-- Indexes for table `tbl_cart`
--
ALTER TABLE `tbl_cart`
  ADD PRIMARY KEY (`cart_id`);

--
-- Indexes for table `tbl_category`
--
ALTER TABLE `tbl_category`
  ADD PRIMARY KEY (`category_id`);

--
-- Indexes for table `tbl_mail_setting`
--
ALTER TABLE `tbl_mail_setting`
  ADD PRIMARY KEY (`mail_setting_id`);

--
-- Indexes for table `tbl_order_details`
--
ALTER TABLE `tbl_order_details`
  ADD PRIMARY KEY (`order_details_id`);

--
-- Indexes for table `tbl_order_master`
--
ALTER TABLE `tbl_order_master`
  ADD PRIMARY KEY (`order_id`);

--
-- Indexes for table `tbl_product_master`
--
ALTER TABLE `tbl_product_master`
  ADD PRIMARY KEY (`product_id`);

--
-- Indexes for table `tbl_product_photo`
--
ALTER TABLE `tbl_product_photo`
  ADD PRIMARY KEY (`product_photo_id`);

--
-- Indexes for table `tbl_refund`
--
ALTER TABLE `tbl_refund`
  ADD PRIMARY KEY (`refund_id`);

--
-- Indexes for table `tbl_shipping`
--
ALTER TABLE `tbl_shipping`
  ADD PRIMARY KEY (`shipping_id`);

--
-- Indexes for table `tbl_sub_category`
--
ALTER TABLE `tbl_sub_category`
  ADD PRIMARY KEY (`sub_category_id`);

--
-- Indexes for table `tbl_user_master`
--
ALTER TABLE `tbl_user_master`
  ADD PRIMARY KEY (`user_id`);

--
-- Indexes for table `tbl_user_register`
--
ALTER TABLE `tbl_user_register`
  ADD PRIMARY KEY (`user_register_id`);

--
-- AUTO_INCREMENT for dumped tables
--

--
-- AUTO_INCREMENT for table `tbl_admin`
--
ALTER TABLE `tbl_admin`
  MODIFY `admin_id` int(11) NOT NULL AUTO_INCREMENT, AUTO_INCREMENT=2;

--
-- AUTO_INCREMENT for table `tbl_cart`
--
ALTER TABLE `tbl_cart`
  MODIFY `cart_id` int(11) NOT NULL AUTO_INCREMENT, AUTO_INCREMENT=552;

--
-- AUTO_INCREMENT for table `tbl_category`
--
ALTER TABLE `tbl_category`
  MODIFY `category_id` int(11) NOT NULL AUTO_INCREMENT, AUTO_INCREMENT=6;

--
-- AUTO_INCREMENT for table `tbl_mail_setting`
--
ALTER TABLE `tbl_mail_setting`
  MODIFY `mail_setting_id` int(11) NOT NULL AUTO_INCREMENT, AUTO_INCREMENT=2;

--
-- AUTO_INCREMENT for table `tbl_order_details`
--
ALTER TABLE `tbl_order_details`
  MODIFY `order_details_id` int(11) NOT NULL AUTO_INCREMENT, AUTO_INCREMENT=3235;

--
-- AUTO_INCREMENT for table `tbl_order_master`
--
ALTER TABLE `tbl_order_master`
  MODIFY `order_id` int(11) NOT NULL AUTO_INCREMENT, AUTO_INCREMENT=479;

--
-- AUTO_INCREMENT for table `tbl_product_master`
--
ALTER TABLE `tbl_product_master`
  MODIFY `product_id` int(11) NOT NULL AUTO_INCREMENT, AUTO_INCREMENT=20;

--
-- AUTO_INCREMENT for table `tbl_product_photo`
--
ALTER TABLE `tbl_product_photo`
  MODIFY `product_photo_id` int(11) NOT NULL AUTO_INCREMENT, AUTO_INCREMENT=5;

--
-- AUTO_INCREMENT for table `tbl_refund`
--
ALTER TABLE `tbl_refund`
  MODIFY `refund_id` int(11) NOT NULL AUTO_INCREMENT, AUTO_INCREMENT=4;

--
-- AUTO_INCREMENT for table `tbl_shipping`
--
ALTER TABLE `tbl_shipping`
  MODIFY `shipping_id` int(11) NOT NULL AUTO_INCREMENT, AUTO_INCREMENT=457;

--
-- AUTO_INCREMENT for table `tbl_sub_category`
--
ALTER TABLE `tbl_sub_category`
  MODIFY `sub_category_id` int(11) NOT NULL AUTO_INCREMENT, AUTO_INCREMENT=14;

--
-- AUTO_INCREMENT for table `tbl_user_master`
--
ALTER TABLE `tbl_user_master`
  MODIFY `user_id` int(11) NOT NULL AUTO_INCREMENT, AUTO_INCREMENT=137;

--
-- AUTO_INCREMENT for table `tbl_user_register`
--
ALTER TABLE `tbl_user_register`
  MODIFY `user_register_id` int(11) NOT NULL AUTO_INCREMENT, AUTO_INCREMENT=6;
COMMIT;

/*!40101 SET CHARACTER_SET_CLIENT=@OLD_CHARACTER_SET_CLIENT */;
/*!40101 SET CHARACTER_SET_RESULTS=@OLD_CHARACTER_SET_RESULTS */;
/*!40101 SET COLLATION_CONNECTION=@OLD_COLLATION_CONNECTION */;
